1594078,262.71,1 993,1532.0,461.0,52.27,-57.93,8 244.43,-4 229.13,0.23,4.80,1.95,2.01,"
9.99
",0
1918057,-15.41,545,385.0,160.0,42.74,-44.55,971.39,-1 125.91,-0.01,-0.51,0.86,-0.28,"
-24.76
",99
1520314,21.15,526,418.0,108.0,46.11,-252.85,1 702.52,-1 501.63,0.04,0.34,1.13,0.38,"
11.08
",96
1871334,81.53,861,844.0,17.0,7.50,-59.92,511.28,-102.87,0.28,6.24,4.97,0.47,"
3.86
",99
1734425,119.08,628,441.0,187.0,178.04,-87.83,4 425.92,-1 544.31,0.27,15.80,2.87,4.59,"
24.44
",99
1899882,6.56,3 346,2764.0,582.0,13.17,-34.35,1 340.51,-1 318.55,0.01,0.10,1.02,0.01,"
-7.56
",80
727871,365.41,1 507,1264.0,243.0,128.31,-51.41,5 659.29,-2 038.25,0.37,24.63,2.78,2.40,"
2.49
",61
1879696,4.94,355,255.0,100.0,9.15,-11.79,341.25,-242.52,0.11,1.07,1.41,0.28,"
1.78
",100
1923661,11.48,181,137.0,44.0,13.90,-7.00,222.57,-107.77,0.22,8.45,2.07,0.63,"
11.48
",94
1816302,49.26,3 961,3690.0,271.0,3 233.86,-1 059.56,19 979.43,-12 635.32,0.03,2.42,1.58,1.85,"
7.70
",99
1936247,52.83,101,72.0,29.0,35.22,-35.32,694.20,-361.62,0.26,2.49,1.92,3.29,"
52.83
",0
1532145,28.54,2 331,1678.0,653.0,10.52,-60.61,1 791.20,-1 828.24,0.03,-0.10,0.98,-0.02,"
-17.01
",100
1928504,14.78,93,76.0,17.0,42.97,-11.67,240.45,-92.62,0.26,5.17,2.60,1.59,"
14.78
",100
1867001,63.58,39,31.0,8.0,108.96,-28.47,842.94,-151.09,0.49,7.55,5.58,17.74,"
32.64
",53
1693586,84.64,143,143.0,0.0,33.93,0.00,4 436.86,0.00,5.38,0.00,n/a,31.03,"
3.60
",99
1880595,5.01,63,29.0,34.0,83.48,-38.96,352.35,-307.75,0.07,0.42,1.14,0.71,"
8.59
",69
1935397,87.05,326,255.0,71.0,23.38,-10.80,384.66,-211.34,0.16,6.58,1.82,0.53,"
87.05
",100
1734963,3.88,149,108.0,41.0,176.49,-95.76,1 066.28,-608.95,0.14,1.79,1.75,3.07,"
0.50
",59
1925730,10.74,87,63.0,24.0,25.55,-9.02,109.55,-73.56,0.11,1.17,1.49,0.41,"
10.74
",97
1927887,14.01,300,159.0,141.0,64.63,-66.01,2 089.47,-1 672.03,0.08,3.49,1.25,1.39,"
11.71
",100
1923798,9.15,114,73.0,41.0,26.73,-22.28,259.39,-181.14,0.13,2.00,1.43,0.69,"
9.15
",0
1921215,7.24,134,56.0,78.0,19.09,-15.57,282.69,-241.88,0.06,0.99,1.17,0.30,"
5.85
",0
1618431,106.79,1 679,654.0,1025.0,29 763.25,-11 812.50,1 213 163.36,-772 785.08,0.09,6.91,1.57,262.29,"
20.74
",58
1892973,27.86,52,41.0,11.0,19.92,-14.74,357.24,-62.73,0.80,11.78,5.69,5.66,"
3.17
",90
1867609,36.12,353,280.0,73.0,882.79,-1 400.68,23 543.02,-20 020.32,0.05,0.54,1.18,9.98,"
30.38
",95
1917362,-2.42,245,140.0,105.0,4.50,-7.86,227.44,-218.87,0.06,0.05,1.04,0.03,"
-20.84
",100
1829726,61.45,88,49.0,39.0,5.23,-1.88,35.24,-22.88,0.19,1.71,1.54,0.14,"
5.59
",100
1826169,6.47,1 572,944.0,628.0,155.00,-129.96,10 841.08,-10 795.18,0.01,0.03,1.00,0.03,"
17.41
",97
1939956,57.89,416,346.0,70.0,49.80,-42.88,1 460.38,-467.19,0.31,13.22,3.13,2.39,"
46.35
",94
1827882,126.99,2 595,2147.0,448.0,161.28,-10.85,782.77,-328.70,0.04,41.85,2.38,0.17,"
36.33
",99
1860405,25.91,1 790,837.0,953.0,27.84,-117.64,1 146.78,-1 021.53,0.03,0.68,1.12,0.07,"
-34.90
",97
1899164,11.67,243,168.0,75.0,837.69,-291.27,11 943.27,-4 792.42,0.24,8.96,2.49,29.43,"
7.13
",98
1777455,16.76,352,332.0,20.0,18.89,-61.53,1 082.60,-830.80,0.07,1.48,1.30,0.72,"
-6.88
",100
1847291,4.13,962,827.0,135.0,61.00,-118.36,1 995.68,-1 587.79,0.07,0.84,1.26,0.42,"
0.56
",96
1797190,2.13,390,205.0,185.0,64.16,-57.48,2 774.39,-2 560.16,0.05,0.73,1.08,0.55,"
-1.65
",28
1751007,20.62,214,172.0,42.0,7.70,-4.86,260.62,-54.64,0.60,27.80,4.77,0.96,"
1.71
",100
1868467,40.85,974,689.0,285.0,153.05,-105.97,3 851.12,-2 178.20,0.11,5.67,1.77,1.72,"
15.48
",86
1915075,122.12,739,661.0,78.0,45.91,-15.77,1 524.15,-279.72,0.39,47.19,5.45,1.68,"
5.76
",85
1940895,40.66,226,116.0,110.0,70.87,-37.09,2 694.07,-2 112.66,0.13,2.05,1.28,2.57,"
-7.25
",98
1642225,5.10,152,81.0,71.0,62.53,-54.30,885.51,-880.72,0.10,0.01,1.01,0.03,"
-0.46
",73
1724315,67.20,8 915,5907.0,3008.0,1 067.52,-177.70,17 874.89,-12 330.82,0.03,3.00,1.45,0.62,"
3.99
",0
1745317,8.13,449,293.0,156.0,2.92,-6.63,169.67,-153.42,0.12,0.48,1.11,0.04,"
0.31
",100
1808950,4.02,1 638,932.0,706.0,171.12,-211.14,12 012.80,-11 704.39,0.01,0.22,1.03,0.19,"
-0.44
",99
1856828,86.00,75,75.0,0.0,4 673.24,0.00,14 776.50,0.00,0.32,0.00,n/a,197.02,"
16.05
",88
1927013,17.37,77,50.0,27.0,13.02,-15.42,215.18,-128.59,0.23,2.37,1.67,1.12,"
17.37
",100
1907082,5.15,24,19.0,5.0,22.28,-27.23,129.41,-54.91,0.31,2.06,2.36,3.10,"
4.30
",92
1919476,6.44,78,59.0,19.0,17.34,-30.40,247.27,-118.41,0.27,4.02,2.09,1.65,"
6.44
",93
1939509,59.79,668,521.0,147.0,15.20,-19.16,1 953.11,-518.05,0.56,10.36,3.77,2.15,"
27.37
",93
1883458,25.76,433,309.0,124.0,70.01,-9.91,1 570.90,-284.84,0.36,43.70,5.52,2.97,"
10.90
",100
1915298,5.76,19,14.0,5.0,31.50,-12.17,82.96,-25.36,0.37,4.20,3.27,3.03,"
5.51
",100
1914153,1.42,171,50.0,121.0,299.30,-218.70,4 058.00,-3 882.90,0.03,0.13,1.05,1.02,"
-9.66
",92
1924828,52.41,65,58.0,7.0,4.69,-7.70,84.59,-23.18,0.54,5.89,3.65,0.94,"
52.41
",0
1913721,45.91,65,50.0,15.0,46.30,-116.60,379.23,-167.23,0.22,1.82,2.27,3.26,"
35.99
",0
1931311,14.78,126,80.0,46.0,107.39,-81.74,967.09,-793.08,0.07,0.57,1.22,1.38,"
14.78
",0
1748159,20.98,2 898,1361.0,1537.0,46 403.88,-30 645.00,1 547 822.71,-1 527 672.23,0.01,0.18,1.01,6.95,"
-14.67
",38
1779032,5.88,129,122.0,7.0,3.20,-17.45,74.71,-27.51,0.22,2.52,2.72,0.37,"
0.11
",0
1831042,32.24,1 310,971.0,339.0,17.86,-24.64,1 934.45,-1 200.69,0.15,3.77,1.61,0.56,"
4.94
",100
1708779,24.58,104,89.0,15.0,81.92,-37.59,1 448.21,-240.85,0.71,13.20,6.01,11.61,"
3.26
",75
1833470,140.42,282,277.0,5.0,1 395.00,-245.00,28 045.00,-465.00,0.79,112.57,60.31,97.80,"
7.58
",100
1898219,107.75,162,98.0,64.0,3 040.83,-86.80,10 073.11,-1 533.04,0.11,19.05,6.57,52.72,"
82.50
",95
1875582,4.99,42,31.0,11.0,274.00,-549.00,1 898.15,-1 615.50,0.07,0.23,1.17,6.73,"
13.02
",64
1915162,16.71,67,64.0,3.0,1 153.73,-189.60,10 546.33,-2 251.70,0.59,21.83,4.68,123.80,"
15.30
",0
1117174,1 544.85,1 706,1328.0,378.0,148.83,-79.54,8 541.27,-3 154.95,0.17,15.38,2.71,3.16,"
4.97
",95
1909449,-8.17,62,44.0,18.0,24.33,-33.46,120.72,-175.94,-0.08,-0.37,0.69,-0.89,"
-15.35
",83
1930525,144.39,43,37.0,6.0,17.45,-6.09,162.42,-18.06,0.64,23.47,8.99,3.36,"
51.36
",100
1623904,2.85,419,262.0,157.0,105.57,-92.73,1 997.49,-2 045.00,0.00,-0.04,0.98,-0.11,"
0.31
",94
1731160,9.19,512,355.0,157.0,69.94,-69.14,2 908.48,-808.95,0.27,13.14,3.60,4.10,"
8.77
",99
1915317,3.62,90,67.0,23.0,400.69,-162.89,3 358.15,-1 492.06,0.26,3.94,2.25,20.73,"
0.84
",66
1684300,236.56,517,267.0,250.0,6.33,-1.58,200.47,-152.40,0.17,3.53,1.32,0.09,"
7.46
",100
1641442,5.56,111,103.0,8.0,8.08,-47.33,243.55,-215.74,0.04,0.30,1.13,0.25,"
5.55
",100
1918580,9.74,45,30.0,15.0,3 093.66,-597.46,8 826.18,-3 178.96,0.22,8.60,2.78,125.49,"
9.74
",97
1932236,30.69,119,85.0,34.0,97.55,-32.46,610.06,-303.21,0.22,1.52,2.01,2.58,"
30.69
",100
1913999,9.30,85,67.0,18.0,21.77,-6.15,81.78,-25.95,0.24,3.77,3.15,0.66,"
7.19
",100
1891510,4.83,219,142.0,77.0,220.48,-101.64,1 430.55,-947.92,0.11,1.20,1.51,2.20,"
4.16
",94
1927988,8.20,79,48.0,31.0,99.72,-240.70,3 131.13,-2 721.06,0.08,0.15,1.15,5.19,"
8.20
",29
1914695,23.09,114,68.0,46.0,74.00,-107.00,2 497.00,-1 989.00,0.11,1.21,1.26,4.46,"
7.29
",97
1840558,112.92,720,715.0,5.0,20.00,-1.31,1 236.63,-1.69,0.67,942.70,731.73,1.72,"
7.54
",0
1942610,55.65,87,64.0,23.0,8.53,-4.57,126.46,-42.46,0.47,6.06,2.98,0.97,"
27.67
",91
1926543,6.18,251,119.0,132.0,13.67,-11.47,276.27,-263.82,0.02,0.24,1.05,0.05,"
15.17
",1
1891507,3.23,69,44.0,25.0,243.49,-85.68,1 281.96,-959.61,0.10,1.03,1.34,4.67,"
1.46
",100
1788926,41.24,214,146.0,68.0,214.15,-46.77,737.11,-342.65,0.10,2.29,2.15,1.84,"
24.11
",0
1884539,57.50,169,162.0,7.0,36.30,-43.30,1 612.53,-54.12,1.24,35.99,29.80,9.22,"
10.37
",0
1817323,16.91,394,293.0,101.0,164.22,-320.10,2 329.65,-1 821.87,0.04,0.45,1.28,1.29,"
8.38
",97
1934978,28.47,409,272.0,137.0,275.51,-173.43,3 341.67,-2 103.79,0.11,2.51,1.59,3.03,"
28.47
",89
1866411,3.76,166,138.0,28.0,30.07,-17.08,570.16,-149.43,0.49,13.48,3.82,2.53,"
1.03
",87
1840850,3.67,346,227.0,119.0,6.08,-1.70,100.75,-82.38,0.09,1.56,1.22,0.05,"
-1.46
",100
1926978,8.90,55,34.0,21.0,222.18,-39.83,476.87,-209.72,0.15,1.42,2.27,4.86,"
8.90
",100
1845847,65.28,51,51.0,0.0,18.60,0.00,274.68,0.00,2.38,0.00,n/a,5.39,"
9.56
",0
1724183,169.23,92,92.0,0.0,25.39,0.00,158.96,0.00,0.42,0.00,n/a,1.73,"
1.39
",0
1911923,59.12,893,564.0,329.0,281.43,-131.48,5 588.24,-4 033.87,0.09,2.74,1.39,1.74,"
25.74
",98
1401068,158.11,13 835,9866.0,3969.0,967.03,-143.57,33 099.62,-21 926.25,0.05,5.21,1.51,0.81,"
12.31
",99
1930554,12.17,54,32.0,22.0,5.64,-5.86,72.91,-48.56,0.18,1.18,1.50,0.45,"
12.18
",100
1839083,220.93,982,518.0,464.0,312.27,-923.94,10 064.94,-10 320.28,-0.04,-0.15,0.98,-0.26,"
-32.38
",80
1862758,13.15,22 823,16259.0,6564.0,1 429.92,-1 265.53,142 690.04,-142 022.51,0.00,0.01,1.00,0.03,"
-31.84
",99
1822082,65.19,47,42.0,5.0,13.64,-1.74,140.62,-10.25,0.97,45.74,13.72,2.77,"
15.81
",100
1583760,0.19,263,206.0,57.0,1.38,-7.16,136.57,-136.18,0.00,0.01,1.00,0.00,"
-5.80
",100
1883191,3.05,81,64.0,17.0,10.48,-8.63,77.63,-62.40,0.08,0.59,1.24,0.19,"
1.08
",100
1917868,56.21,413,354.0,59.0,1 684.00,-563.22,35 279.10,-1 477.10,0.51,50.58,23.88,81.85,"
49.20
",0
1894497,64.07,93,87.0,6.0,27.10,-7.04,584.69,-17.76,0.76,80.53,32.92,6.10,"
21.80
",100
1856744,26.78,11 290,6539.0,4751.0,1 074.48,-1 319.81,234 245.34,-200 474.44,0.04,1.05,1.17,2.99,"
-20.64
",99
1826330,14.24,145,92.0,53.0,120.29,-221.88,1 702.95,-1 560.51,0.05,0.21,1.09,0.98,"
0.68
",100
1765846,94.13,42,42.0,0.0,48.35,0.00,456.16,-2.86,1.17,906.60,159.50,10.86,"
2.98
",0
1905097,647.43,271,198.0,73.0,51.98,-29.03,2 609.14,-588.80,0.46,37.04,4.43,7.46,"
67.25
",33
1594137,35.79,3 555,1985.0,1570.0,1 450.00,-719.10,262 574.69,-226 772.60,0.06,1.68,1.16,10.07,"
-4.84
",99
1931664,37.94,170,147.0,23.0,2 312.00,-2 725.00,42 303.00,-8 664.00,0.40,12.34,4.88,197.88,"
26.08
",100
1848767,180.28,7 985,4889.0,3096.0,1 820.00,-230.47,230 197.06,-144 025.63,0.14,4.68,1.60,10.79,"
10.15
",99
1936575,29.04,1 673,993.0,680.0,203.44,-72.10,8 111.80,-5 216.62,0.11,2.36,1.55,1.73,"
8.06
",99
1917305,30.47,79,67.0,12.0,287.56,-106.08,5 838.98,-211.82,1.11,28.46,27.57,71.23,"
26.97
",0
1871107,2.09,97,67.0,30.0,1 767.56,-3 512.36,27 704.62,-25 615.07,0.04,0.19,1.08,21.54,"
-1.17
",92
1921568,4.62,123,90.0,33.0,39.86,-47.54,1 282.24,-539.95,0.39,6.41,2.37,6.03,"
4.62
",0
1860356,88.80,49,49.0,0.0,20.10,0.00,144.36,-2.30,1.12,1183.83,62.77,2.95,"
4.20
",0
1030482,49.59,518,515.0,3.0,33.90,-83.04,3 496.67,-141.08,1.46,40.41,24.79,6.48,"
0.25
",0
1905745,26.24,38,31.0,7.0,37.17,-7.98,280.86,-18.50,0.62,22.64,15.18,6.90,"
22.79
",100
1750053,42.42,126,125.0,1.0,4.57,-0.16,461.23,-0.16,2.61,2881.69,2882.69,3.66,"
5.48
",98
1922692,3.78,125,80.0,45.0,213.06,-208.32,2 228.31,-2 039.45,0.03,0.10,1.09,1.51,"
3.78
",31
1927535,6.88,267,198.0,69.0,148.67,-38.45,1 177.11,-489.97,0.19,6.48,2.40,2.57,"
6.88
",99
1903596,297.06,299,230.0,69.0,116.53,-48.31,1 121.66,-527.71,0.24,5.22,2.13,1.99,"
25.31
",98
1801708,12.54,3 328,2297.0,1031.0,1 454.45,-819.41,33 665.44,-28 589.44,0.04,1.60,1.18,1.53,"
7.08
",93
1879578,72.61,176,144.0,32.0,137.54,-58.79,805.80,-442.93,0.15,3.06,1.82,2.06,"
23.80
",97
1908564,24.18,67,53.0,14.0,359.40,-49.28,4 108.50,-380.67,0.59,43.42,10.79,55.64,"
13.31
",100
1923639,65.10,338,260.0,78.0,16.40,-31.05,638.15,-312.64,0.22,4.83,2.04,0.96,"
65.10
",100
1922676,69.38,54,36.0,18.0,678.55,-65.72,2 559.28,-472.50,0.33,7.67,5.42,38.64,"
69.38
",100
1929311,7.16,52,42.0,10.0,20.00,-95.64,825.68,-546.51,0.19,0.51,1.51,5.37,"
7.16
",88
1917692,18.40,223,156.0,67.0,514.54,-92.07,5 308.81,-1 820.11,0.30,17.69,2.92,15.64,"
18.06
",15
1927180,8.56,119,82.0,37.0,435.20,-91.56,2 604.24,-1 166.63,0.19,4.77,2.23,12.08,"
8.56
",100
1936577,28.42,1 902,1331.0,571.0,1 128.32,-669.56,16 586.93,-14 711.65,0.02,0.55,1.13,0.99,"
15.14
",98
1684305,250.84,392,205.0,187.0,5.54,-4.07,171.66,-123.39,0.18,5.11,1.39,0.12,"
18.31
",100
1764426,601.33,18 044,10823.0,7221.0,11 118.78,-10 822.08,1 011 554.95,-867 266.44,0.03,9.42,1.17,8.00,"
5.22
",88
1755759,63.76,3 357,2200.0,1157.0,318.68,-319.94,34 941.02,-24 208.58,0.07,2.41,1.44,3.20,"
33.73
",99
1926066,13.88,64,35.0,29.0,47.32,-46.67,354.56,-205.29,0.17,2.86,1.73,2.33,"
13.88
",85
1794099,59.22,251,96.0,155.0,15.54,-12.55,503.40,-444.17,0.06,0.65,1.13,0.24,"
30.99
",0
1785934,620.69,200,173.0,27.0,1 466.40,-689.28,11 244.14,-6 520.33,0.23,3.46,1.72,23.62,"
94.77
",100
1838725,1 230.92,327,233.0,94.0,196.55,-53.72,6 515.52,-2 063.56,0.45,28.56,3.16,13.61,"
49.82
",0
1910718,100.15,91,91.0,0.0,422.56,0.00,605.21,-3.97,0.13,294.73,152.45,6.65,"
12.67
",0
1924656,10.30,2 750,1599.0,1151.0,3.24,-5.37,691.15,-591.80,0.07,2.60,1.17,0.04,"
7.81
",100
1897209,14.68,129,108.0,21.0,27.68,-46.37,366.41,-103.64,0.31,5.64,3.54,2.04,"
1.32
",0
1780014,155.54,123,113.0,10.0,14.60,-3.23,161.30,-14.32,0.56,45.50,11.26,1.19,"
35.10
",11
1864592,2.65,67,49.0,18.0,100.45,-25.23,437.78,-173.95,0.28,2.92,2.52,3.94,"
1.40
",100
1600279,38.79,140,138.0,2.0,18.09,-1.01,638.95,-7.14,1.77,601.72,89.49,4.51,"
2.00
",0
1831876,419.40,1 625,1236.0,389.0,142.00,-27.69,3 805.12,-1 923.92,0.11,17.69,1.98,1.16,"
30.72
",100
1769410,33.08,673,673.0,0.0,0.28,0.00,66.16,0.00,5.58,0.00,n/a,0.10,"
2.83
",100
1888723,0.15,117,80.0,37.0,66.45,-42.63,533.81,-482.84,0.05,0.31,1.11,0.44,"
-2.89
",89
1868808,-15.26,2 095,1507.0,588.0,12.23,-63.50,1 759.60,-1 884.50,-0.02,-0.23,0.93,-0.06,"
-33.93
",100
1889597,4.51,186,160.0,26.0,25.86,-29.92,328.79,-285.37,0.04,0.57,1.15,0.23,"
-6.82
",100
1589128,2.86,677,407.0,270.0,345.02,-586.07,19 130.67,-18 358.96,0.02,0.23,1.04,1.14,"
-3.58
",97
1674231,77.43,1 122,770.0,352.0,628.65,-199.26,7 058.56,-3 875.02,0.07,2.93,1.82,2.84,"
4.15
",99
1728263,72.39,99,99.0,0.0,20.08,0.00,150.54,0.00,0.38,0.00,n/a,1.52,"
3.75
",0
1907491,2.86,386,336.0,50.0,17.40,-28.87,709.90,-444.97,0.14,1.70,1.60,0.69,"
2.70
",98
1879762,8.13,290,158.0,132.0,936.32,-202.77,6 929.98,-3 679.66,0.12,3.92,1.88,11.21,"
2.83
",86
1795062,521.29,301,296.0,5.0,22.81,-20.75,383.65,-37.42,0.32,16.69,10.25,1.15,"
27.50
",1
1747319,30.58,10 350,6608.0,3742.0,665.38,-228.48,64 931.12,-36 439.48,0.11,7.25,1.78,2.75,"
1.21
",99
1926945,1.45,51,33.0,18.0,19.99,-17.23,145.91,-139.14,0.03,0.15,1.05,0.13,"
1.45
",25
1810347,3.17,53,48.0,5.0,2.99,-20.15,27.44,-22.68,0.06,0.23,1.21,0.09,"
-7.47
",100
1917521,49.67,329,295.0,34.0,16.25,-5.98,891.52,-68.43,0.87,127.02,13.03,2.50,"
45.71
",100
1797839,29.40,2 218,1493.0,725.0,161.04,-47.16,5 554.35,-2 869.26,0.11,12.02,1.94,1.21,"
4.10
",99
1909867,30.27,31,29.0,2.0,14.13,-1.20,93.06,-2.25,1.01,75.68,41.36,2.93,"
9.03
",0
1921453,4.19,48,27.0,21.0,7.78,-7.30,78.08,-57.11,0.14,1.79,1.37,0.44,"
4.19
",97
1794581,71.27,1 058,720.0,338.0,214.95,-81.67,1 833.92,-1 203.10,0.07,1.88,1.52,0.60,"
10.74
",100
1896326,77.21,349,220.0,129.0,9 386.83,-3 203.00,45 231.96,-10 799.09,0.13,10.75,4.19,98.66,"
4.01
",17
1784101,74.39,843,839.0,4.0,15.45,-6.47,2 598.04,-56.52,0.71,385.66,45.97,3.01,"
1.65
",0
1776410,75.34,361,361.0,0.0,16.27,0.00,1 134.75,-19.17,1.30,1239.53,59.19,3.14,"
2.04
",0
1782516,74.28,8 426,6638.0,1788.0,291.06,-183.48,8 240.55,-4 082.72,0.07,8.00,2.02,0.49,"
5.67
",85
1913474,5.44,85,65.0,20.0,51.73,-44.12,684.70,-276.88,0.34,4.87,2.47,4.80,"
5.44
",97
1912017,0.87,113,61.0,52.0,42.79,-33.13,859.98,-798.39,0.03,0.27,1.08,0.55,"
-0.75
",0
1867224,49.92,2 637,926.0,1711.0,660.48,-135.00,12 394.44,-6 526.30,0.09,15.18,1.90,2.23,"
22.67
",100
1925281,-3.33,266,159.0,107.0,11.52,-18.95,584.34,-675.50,-0.06,-0.34,0.87,-0.34,"
-3.33
",99
1909521,16.96,115,97.0,18.0,22.18,-2.61,102.00,-12.56,0.29,23.66,8.12,0.78,"
11.76
",0
1927533,5.07,36,26.0,10.0,11.97,-6.55,57.53,-32.23,0.20,2.12,1.78,0.70,"
5.07
",100
1867922,27.97,13 325,8377.0,4948.0,703.95,-416.81,87 492.61,-61 732.91,0.06,1.69,1.42,1.93,"
2.19
",99
1851337,12.62,1 544,1157.0,387.0,139.60,-32.05,3 105.18,-1 547.84,0.14,13.03,2.01,1.01,"
0.75
",99
1911848,147.68,107,89.0,18.0,6.87,-7.55,253.58,-36.96,0.87,15.86,6.86,2.02,"
72.88
",100
1922933,52.45,180,168.0,12.0,59.35,-27.41,2 055.80,-219.98,0.78,33.54,9.35,10.20,"
35.95
",0
1936633,21.74,72,42.0,30.0,73.67,-56.52,1 154.77,-1 046.28,0.08,0.39,1.10,1.51,"
21.74
",0
1725090,26.47,267,256.0,11.0,2.17,-2.97,155.47,-17.47,1.10,22.01,8.90,0.52,"
1.76
",100
1823483,494.65,3 149,2390.0,759.0,44 960.85,-20 729.83,1 270 290.37,-732 681.50,0.09,8.02,1.73,170.72,"
5.93
",95
1937895,20.75,1 391,744.0,647.0,156.00,-236.00,8 864.07,-6 915.98,0.07,3.68,1.28,1.40,"
4.99
",81
1853821,13.11,313,178.0,135.0,107.44,-21.48,1 374.20,-746.26,0.16,5.56,1.84,2.01,"
4.24
",100
1918783,30.96,66,58.0,8.0,41.16,-14.57,349.79,-40.20,0.58,17.76,8.70,4.69,"
29.46
",100
1925137,8.65,76,26.0,50.0,70.64,-29.01,864.17,-779.12,0.07,0.52,1.11,1.12,"
23.06
",100
1467461,10.75,3 471,2105.0,1366.0,2.75,-5.34,432.59,-429.31,0.00,0.04,1.01,0.00,"
5.46
",100
1833475,63.88,105,101.0,4.0,700.00,-195.00,8 955.01,-350.00,0.81,25.69,25.59,81.95,"
8.34
",80
1942933,11.49,153,130.0,23.0,134.64,-170.01,1 090.44,-939.84,0.04,0.25,1.16,0.98,"
11.30
",0
1740589,1 300.80,1 161,899.0,262.0,414.12,-448.29,14 906.54,-4 912.02,0.28,14.57,3.03,8.61,"
18.79
",59
1882794,15.74,2 245,1504.0,741.0,28.42,-142.93,4 616.09,-3 140.79,0.12,2.44,1.47,0.66,"
1.06
",100
1901540,31.61,816,639.0,177.0,36.63,-17.92,522.84,-186.14,0.12,10.25,2.81,0.41,"
25.66
",88
1932878,9.69,181,117.0,64.0,94.88,-40.16,1 054.30,-705.96,0.11,1.57,1.49,1.92,"
9.69
",91
1931418,21.13,800,684.0,116.0,618.00,-4 323.00,71 574.00,-43 251.00,0.14,1.61,1.65,35.40,"
19.27
",97
1896658,27.88,1 099,863.0,236.0,150.68,-32.19,2 589.26,-1 144.14,0.17,6.33,2.26,1.31,"
15.99
",98
1903888,16.91,61,44.0,17.0,1 208.76,-228.40,3 764.24,-946.81,0.28,4.40,3.98,46.19,"
11.54
",96
1451865,1.19,731,293.0,438.0,103.37,-23.66,5 940.96,-5 808.50,0.03,0.17,1.02,0.18,"
0.28
",0
1915060,52.45,385,372.0,13.0,105.29,-3.22,1 871.13,-12.56,0.47,222.58,148.98,4.83,"
51.33
",10
1807829,12.29,1 334,863.0,471.0,21.14,-19.71,1 432.05,-940.41,0.12,2.43,1.52,0.37,"
3.15
",100
1933019,18.87,1 644,974.0,670.0,2.93,-3.02,557.33,-374.09,0.17,23.20,1.49,0.11,"
18.87
",100
1904667,0.49,42,19.0,23.0,2.97,-3.30,22.95,-21.65,0.03,0.14,1.06,0.03,"
-1.48
",85
1361650,68.98,413,413.0,0.0,258.32,0.00,13 480.19,-364.61,1.25,1748.74,36.97,32.64,"
1.47
",0
1941055,9.44,42,32.0,10.0,1 572.84,-3 632.61,10 037.69,-9 538.21,0.05,0.09,1.05,11.89,"
9.44
",0
1856649,95.46,238,97.0,141.0,64.79,-275.99,1 006.12,-831.99,0.11,0.51,1.21,0.73,"
-41.11
",0
1926720,21.77,614,360.0,254.0,103.16,-66.78,2 211.78,-1 200.05,0.18,3.83,1.84,1.65,"
22.33
",0
1876436,54.77,78,78.0,0.0,56.87,0.00,1 659.68,-16.87,1.83,1845.85,98.38,21.28,"
16.91
",0
1615688,104.01,1 512,845.0,667.0,40 010.00,-38 770.00,2 503 437.97,-2 099 814.19,0.06,5.45,1.19,266.95,"
7.33
",1
1901223,22.27,687,512.0,175.0,17.44,-15.98,1 155.63,-642.89,0.21,4.40,1.80,0.75,"
8.09
",100
1840710,572.32,309,265.0,44.0,9.48,-15.32,308.08,-90.13,0.38,8.53,3.42,0.71,"
69.41
",0
1930567,5.77,51,32.0,19.0,460.15,-107.01,1 159.28,-581.75,0.15,1.99,1.99,11.32,"
5.77
",0
1854447,10.13,28,23.0,5.0,53.90,-9.84,432.61,-37.74,0.87,31.74,11.46,14.10,"
2.62
",100
1887921,66.87,2 194,1529.0,665.0,394.48,-935.55,11 247.52,-6 571.68,0.05,4.93,1.71,2.13,"
37.10
",99
1583755,-0.99,354,287.0,67.0,2.36,-6.87,153.37,-155.36,-0.00,-0.06,0.99,-0.01,"
-6.26
",100
1922680,39.12,57,45.0,12.0,561.43,-60.75,1 399.07,-223.75,0.28,6.71,6.25,20.62,"
39.12
",100
1933020,17.12,1 766,1029.0,737.0,2.97,-4.35,622.49,-455.88,0.14,10.55,1.37,0.09,"
17.12
",100
1924678,46.69,58,50.0,8.0,16.66,-24.67,104.15,-29.99,0.34,2.99,3.47,1.28,"
45.36
",0
1487160,49.53,217,211.0,6.0,9 237.00,-2 788.00,143 208.00,-10 579.00,0.77,25.52,13.54,611.19,"
4.62
",0
1926069,56.35,41,36.0,5.0,5.68,-30.11,101.72,-73.99,0.20,0.63,1.37,0.68,"
-12.02
",95
1921719,3.19,79,44.0,35.0,43.23,-21.16,332.00,-108.23,0.33,4.17,3.07,2.83,"
2.89
",68
1864349,471.90,186,108.0,78.0,140.95,-82.91,1 307.03,-878.70,0.13,2.32,1.49,2.30,"
11.89
",0
1911656,29.52,28,28.0,0.0,1 508.96,0.00,10 031.60,0.00,1.16,86.88,n/a,358.27,"
24.38
",0
1933664,19.57,316,221.0,95.0,1 223.00,-1 361.00,9 111.26,-5 197.50,0.09,2.87,1.75,12.39,"
19.57
",99
1816924,16.79,85,79.0,6.0,123.64,-31.04,1 041.93,-78.70,0.51,30.62,13.24,11.33,"
2.76
",98
1782519,44.93,7 327,5651.0,1676.0,85.76,-35.48,5 488.23,-2 137.49,0.13,26.29,2.57,0.46,"
10.70
",89
1328460,43.64,367,260.0,107.0,24.75,-25.20,712.61,-304.94,0.26,5.53,2.34,1.11,"
4.07
",100
1941952,14.79,85,58.0,27.0,18.36,-6.48,133.88,-60.19,0.25,7.20,2.22,0.87,"
12.53
",97
1815179,-0.95,61,33.0,28.0,10.90,-14.20,293.50,-303.00,-0.01,-0.12,0.97,-0.16,"
3.01
",100
1907516,28.82,2 296,2067.0,229.0,1 080.00,-293.22,4 761.98,-2 168.09,0.04,6.09,2.20,1.13,"
0.98
",95
1910540,63.89,257,257.0,0.0,834.00,0.00,26 540.59,0.00,0.70,0.00,n/a,103.27,"
38.55
",9
1898037,21.40,90,89.0,1.0,5.06,-4.37,231.60,-17.89,2.56,48.90,12.95,2.37,"
11.54
",100
1857468,87.13,1 555,1154.0,401.0,42 824.39,-17 137.64,1 316 152.01,-444 945.96,0.21,6.26,2.96,560.26,"
9.01
",0
1822987,214.33,2 662,2036.0,626.0,21 921.93,-4 253.39,377 073.26,-198 618.69,0.08,10.81,1.90,67.04,"
6.59
",99
1932484,11.86,1 945,1143.0,802.0,2 137.20,-2 262.00,54 280.63,-39 205.14,0.06,4.95,1.38,7.75,"
0.14
",0
1654999,79.18,1 362,752.0,610.0,8 862.00,-8 784.00,555 754.24,-473 681.01,0.06,7.92,1.17,60.26,"
5.40
",0
1891384,19.33,120,119.0,1.0,7.03,-6.17,184.89,-14.71,1.29,27.58,12.57,1.42,"
7.93
",100
1373997,16.58,193,193.0,0.0,155.21,0.00,7 198.46,0.00,1.33,0.00,n/a,37.30,"
0.99
",0
1859123,13.19,496,408.0,88.0,198.10,-53.40,1 493.46,-1 453.90,0.03,0.25,1.03,0.08,"
-9.45
",99
1931826,22.76,180,140.0,40.0,105.55,-25.67,351.53,-123.97,0.14,2.88,2.84,1.26,"
22.76
",100
1717667,80.27,2 050,1502.0,548.0,2 474.80,-598.50,130 256.97,-49 483.52,0.21,31.03,2.63,39.40,"
6.74
",100
1792149,395.86,541,362.0,179.0,473.81,-95.52,6 670.94,-2 697.62,0.21,14.19,2.47,7.34,"
26.74
",93
1858931,17.49,1 791,1427.0,364.0,335.48,-622.15,4 722.82,-2 974.99,0.05,2.66,1.59,0.98,"
6.40
",99
1864112,-22.03,281,196.0,85.0,56.37,-134.24,2 541.93,-2 956.20,-0.07,-0.38,0.86,-1.47,"
-38.38
",96
1918970,16.17,188,129.0,59.0,245.14,-39.90,2 787.42,-593.25,0.33,14.24,4.70,11.67,"
15.25
",100
1712149,4.51,720,341.0,379.0,16.07,-6.13,440.61,-431.86,0.01,0.11,1.02,0.01,"
2.11
",0
1769418,15.56,231,231.0,0.0,0.85,0.00,51.51,-5.58,2.45,104.39,9.23,0.22,"
3.42
",100
1464781,149.40,101,87.0,14.0,10.98,-27.06,153.25,-109.54,0.16,1.56,1.40,0.43,"
-4.22
",99
1487129,780.98,569,434.0,135.0,89.70,-1 534.14,5 803.49,-4 875.39,0.13,0.36,1.19,1.63,"
20.40
",0
1794896,345.14,275,162.0,113.0,34.14,-28.22,1 098.85,-485.06,0.21,6.16,2.27,2.23,"
102.73
",0
1831399,9.12,1 393,924.0,469.0,156.89,-37.49,1 912.83,-1 456.66,0.04,2.67,1.31,0.33,"
2.39
",100
1842456,22.33,152,79.0,73.0,5.38,-5.94,391.81,-369.63,0.06,0.22,1.06,0.15,"
6.07
",100
1500889,70.08,996,687.0,309.0,36.42,-152.22,3 130.97,-2 778.02,0.06,0.36,1.13,0.35,"
14.41
",86
1838356,38.62,281,276.0,5.0,46.91,-68.29,1 363.90,-146.75,0.38,17.81,9.29,4.33,"
1.81
",34
1755100,16.32,1 388,1388.0,0.0,0.71,0.00,235.85,0.00,1.30,0.00,n/a,0.17,"
2.01
",100
1871558,5.80,42,25.0,17.0,20.23,-10.23,132.99,-64.45,0.27,2.98,2.06,1.63,"
2.75
",0
1896662,14.56,1 069,835.0,234.0,150.68,-32.19,2 492.20,-1 142.95,0.16,5.79,2.18,1.26,"
8.26
",99
1831864,70.61,569,425.0,144.0,171.20,-41.74,1 516.04,-944.60,0.08,3.62,1.60,1.00,"
8.45
",100
1371567,135.25,6 474,4644.0,1830.0,7 020.00,-1 940.89,312 706.46,-149 092.43,0.09,16.77,2.10,25.27,"
6.19
",99
836167,6 774.71,2 446,1605.0,841.0,1 459.14,-313.11,21 338.35,-10 167.47,0.10,8.57,2.10,4.57,"
8.97
",98
1938518,-34.42,30,19.0,11.0,39.56,-153.42,238.90,-584.44,-0.25,-0.62,0.41,-11.52,"
-34.42
",100
1939569,12.92,28,19.0,9.0,15.22,-11.68,121.85,-29.19,0.53,6.96,4.17,3.31,"
9.86
",0
1809288,13.73,73,59.0,14.0,131.06,-15.26,704.23,-51.66,0.48,20.43,13.63,8.94,"
2.07
",42
1930533,10.93,54,40.0,14.0,21.10,-18.12,135.67,-50.61,0.30,4.67,2.68,1.58,"
10.93
",100
1393148,2.36,1 004,885.0,119.0,12.95,-60.26,435.49,-494.12,-0.01,-0.47,0.88,-0.06,"
-2.17
",100
1806501,34.92,7 636,5876.0,1760.0,143.74,-40.21,5 779.53,-3 137.66,0.07,5.61,1.84,0.35,"
3.08
",90
1839194,126.97,2 147,1436.0,711.0,29.25,-2.05,661.83,-343.45,0.13,5.81,1.93,0.15,"
23.47
",78
1812930,65.76,3 558,2582.0,976.0,23.77,-68.83,2 316.91,-2 219.00,0.08,0.35,1.04,0.03,"
-19.30
",99
1880913,14.72,128,126.0,2.0,3.88,-6.28,48.13,-6.32,0.36,5.37,7.62,0.33,"
3.35
",0
1909346,180.06,416,316.0,100.0,42 040.70,-9 144.86,611 168.04,-160 117.61,0.26,14.51,3.82,1 084.26,"
5.13
",99
1868387,-6.01,48,31.0,17.0,17.35,-50.64,109.45,-169.60,-0.09,-0.60,0.65,-1.25,"
-9.26
",100
1790015,12.62,32,30.0,2.0,8.79,-3.33,84.49,-3.43,1.05,24.34,24.63,2.53,"
4.34
",100
1355520,35.22,1 133,1120.0,13.0,212.90,-333.07,11 395.29,-1 181.54,0.69,30.32,9.64,9.01,"
0.65
",0
1412546,228.20,8 592,5893.0,2699.0,7 969.50,-2 880.00,465 382.80,-230 658.75,0.07,12.65,2.02,27.32,"
6.63
",92
1702207,13.02,4 411,3472.0,939.0,4 532.91,-1 725.39,120 658.12,-102 648.79,0.03,1.57,1.18,4.08,"
1.40
",86
1500874,236.89,1 640,1188.0,452.0,27.10,-76.08,3 237.59,-2 486.84,0.10,1.90,1.30,0.46,"
19.11
",99
1905195,8.05,38,30.0,8.0,115.10,-77.78,937.58,-132.55,0.55,10.35,7.07,21.19,"
5.53
",92
1933520,20.02,259,197.0,62.0,20.51,-19.81,551.38,-348.67,0.16,0.84,1.58,0.78,"
20.02
",97
1925161,19.62,250,131.0,119.0,60.16,-10.40,451.18,-254.93,0.14,4.45,1.77,0.79,"
19.62
",100
1902981,31.48,7 602,4771.0,2831.0,733.53,-176.04,57 355.94,-33 250.43,0.08,7.83,1.72,3.17,"
17.96
",99
1838921,193.57,584,451.0,133.0,285.16,-115.69,3 357.92,-1 723.44,0.18,3.44,1.95,2.80,"
20.71
",93
1693775,12.18,330,330.0,0.0,23.35,0.00,1 557.04,0.00,1.03,0.00,n/a,4.72,"
0.30
",0
1898890,488.02,934,862.0,72.0,57.21,-77.40,5 020.06,-820.88,0.41,14.40,6.12,4.50,"
81.83
",0
1862691,58.85,429,429.0,0.0,249.34,0.00,6 676.41,-792.40,0.55,183.88,8.43,15.56,"
6.46
",0
1831930,1.39,364,176.0,188.0,33.46,-49.09,895.99,-882.07,0.01,0.10,1.02,0.04,"
-3.67
",100
1684315,168.22,220,179.0,41.0,1 957.40,-463.55,17 452.17,-6 442.68,0.20,6.08,2.71,50.04,"
2.64
",100
1925673,27.46,20,15.0,5.0,52.20,-49.77,365.22,-106.84,0.52,5.19,3.42,12.92,"
27.46
",0
1782510,79.18,8 095,6382.0,1713.0,158.92,-70.19,8 875.69,-4 513.87,0.09,11.44,1.97,0.54,"
4.81
",83
1862540,27.27,90,90.0,0.0,3.17,0.00,239.94,0.00,12.18,0.00,n/a,2.67,"
6.93
",100
1722163,0.71,162,126.0,36.0,74.20,-31.68,798.73,-782.28,0.10,0.11,1.02,0.10,"
-0.18
",98
1933021,-57.93,87,45.0,42.0,308.42,-370.56,4 088.47,-4 522.93,-0.04,-0.24,0.90,-4.99,"
-57.93
",0
1910431,92.56,44,25.0,19.0,345.00,-105.00,3 500.00,-1 400.00,0.36,6.00,2.50,47.73,"
18.24
",97
1396184,44.80,1 279,1121.0,158.0,47.18,-41.81,2 141.96,-1 403.29,0.09,7.28,1.53,0.58,"
3.83
",99
1782518,64.88,8 107,6308.0,1799.0,182.61,-67.71,7 675.54,-3 821.00,0.09,11.76,2.01,0.48,"
3.13
",85
1919213,22.68,987,595.0,392.0,332.71,-63.38,2 958.81,-1 824.70,0.07,2.48,1.62,1.15,"
21.64
",98
1929990,121.56,155,116.0,39.0,10.58,-4.90,242.83,-47.72,0.57,9.21,5.09,1.26,"
121.56
",0
1926941,14.71,38,32.0,6.0,17.88,-9.52,113.79,-25.54,0.56,7.45,4.46,2.32,"
14.71
",100
1929243,-8.23,294,106.0,188.0,15.06,-12.90,357.33,-398.53,-0.04,-0.51,0.90,-0.14,"
-11.93
",0
1875921,13.39,45,43.0,2.0,5.18,-10.90,95.03,-13.20,0.75,7.48,7.20,1.82,"
0.95
",0
1790301,-0.26,69,39.0,30.0,360.22,-120.07,2 245.02,-2 288.58,-0.00,-0.04,0.98,-0.63,"
-0.32
",43
1852323,8.27,67,51.0,16.0,15.54,-4.25,189.15,-23.77,0.70,25.92,7.96,2.47,"
4.58
",100
1340517,66.29,24 931,19048.0,5883.0,8 242.08,-1 796.32,154 498.95,-111 271.07,0.02,4.06,1.39,1.73,"
3.17
",99
1791390,1.91,425,285.0,140.0,84.89,-414.26,2 063.91,-2 096.52,0.00,-0.03,0.98,-0.08,"
5.62
",11
1652139,28.13,132,130.0,2.0,43.64,-13.05,566.41,-19.74,0.75,41.51,28.69,4.14,"
0.43
",0
1918860,7.61,37,29.0,8.0,7.32,-4.45,87.51,-11.44,0.77,11.01,7.65,2.06,"
7.61
",0
1932193,3.63,50,32.0,18.0,8.55,-6.97,75.34,-38.60,0.24,5.27,1.95,0.73,"
3.63
",80
1734610,34.68,4 186,2717.0,1469.0,1 019.40,-396.17,81 884.37,-36 883.43,0.16,13.12,2.22,10.75,"
3.64
",99
1899592,117.92,9 372,4347.0,5025.0,3 680.00,-2 081.02,549 648.87,-431 724.67,0.06,3.85,1.27,12.58,"
23.98
",99
1922315,17.52,977,825.0,152.0,224.18,-242.49,6 743.75,-4 991.21,0.07,0.41,1.35,1.79,"
17.52
",99
1929090,36.44,426,225.0,201.0,75.02,-22.46,1 275.85,-921.25,0.11,4.65,1.38,0.83,"
36.44
",100
1833468,9.98,193,189.0,4.0,49.33,-51.91,1 356.85,-106.03,1.04,23.09,12.80,6.48,"
0.27
",0
1645412,21.60,180,178.0,2.0,44.70,-10.72,459.10,-11.11,0.62,41.79,41.32,2.49,"
1.94
",94
1929457,49.56,707,480.0,227.0,28.26,-10.44,958.03,-513.92,0.22,6.13,1.86,0.63,"
49.56
",6
1530392,13.22,102,78.0,24.0,2.68,-6.73,51.45,-43.52,0.07,0.88,1.18,0.08,"
0.66
",99
1923869,1.91,65,50.0,15.0,47.60,-7.97,175.70,-35.33,0.30,6.73,4.97,2.16,"
1.91
",98
1935954,60.99,165,165.0,0.0,42.55,0.00,311.90,-36.73,0.47,241.38,8.49,1.89,"
32.94
",0
1899788,3.68,51,35.0,16.0,298.05,-44.34,1 319.07,-217.23,0.35,11.15,6.07,21.60,"
2.22
",86
1937371,7.66,160,111.0,49.0,22.05,-37.09,243.51,-192.23,0.12,0.86,1.27,0.32,"
7.66
",100
1467884,348.69,7 792,5535.0,2257.0,16 961.14,-4 404.44,70 106.73,-55 543.42,-0.02,0.71,1.26,1.87,"
10.79
",99
1392107,145.53,1 553,1320.0,233.0,22.47,-48.55,1 345.48,-979.56,0.09,4.56,1.37,0.24,"
-6.77
",100
1862532,19.91,100,100.0,0.0,15.48,0.00,272.76,0.00,0.91,0.00,n/a,2.73,"
7.07
",100
1916804,13.98,563,430.0,133.0,98.75,-19.45,1 411.30,-483.34,0.20,10.13,2.92,1.65,"
10.94
",99
1623224,86.44,69,57.0,12.0,10.97,-2.07,99.65,-10.03,0.71,25.61,9.94,1.30,"
4.60
",0
1922446,3.18,93,81.0,12.0,2.70,-17.20,52.65,-46.25,0.04,0.37,1.14,0.07,"
3.18
",100
1467707,122.19,10 189,6896.0,3293.0,78.30,-81.09,27 427.87,-24 300.71,0.04,8.82,1.13,0.31,"
6.65
",99
1886407,11.71,41,30.0,11.0,5.90,-0.82,67.03,-8.47,0.90,20.91,7.91,1.43,"
3.39
",73
1936465,4.08,40,29.0,11.0,19.41,-7.06,56.82,-37.06,0.15,1.18,1.53,0.49,"
4.08
",0
1897959,10.41,44,34.0,10.0,8.11,-2.01,86.31,-11.59,0.80,37.17,7.45,1.70,"
9.57
",100
1911667,24.99,1 343,883.0,460.0,774.76,-160.00,8 420.93,-3 969.44,0.09,7.91,2.12,3.31,"
23.69
",100
1932087,20.03,544,427.0,117.0,268.90,-215.42,3 010.91,-1 812.96,0.08,2.98,1.66,2.20,"
9.34
",99
1935233,15.20,840,496.0,344.0,141.88,-65.08,2 599.07,-1 786.28,0.08,3.64,1.46,0.97,"
7.16
",100
1923477,12.21,105,79.0,26.0,191.88,-47.03,1 646.45,-425.45,0.32,4.00,3.87,11.63,"
12.21
",0
1793663,33.99,1 748,1246.0,502.0,3 873.01,-660.95,78 771.41,-34 790.99,0.16,13.15,2.26,25.16,"
3.91
",98
1930862,16.19,225,116.0,109.0,102.40,-17.60,447.15,-256.45,0.09,2.60,1.74,0.85,"
16.19
",100
1910024,24.54,20,17.0,3.0,20.32,-27.13,166.94,-44.03,0.71,4.50,3.79,6.15,"
16.58
",0
1923874,246.85,32,21.0,11.0,479.53,-131.22,1 959.69,-725.43,0.32,6.28,2.70,38.57,"
29.68
",0
1931838,5.01,1 023,735.0,288.0,2 054.50,-634.19,9 515.27,-4 812.14,0.06,1.78,1.98,4.60,"
5.01
",100
1938946,8.00,204,117.0,87.0,38.09,-27.04,444.52,-392.80,0.08,0.61,1.13,0.25,"
4.44
",93
1093754,423.46,23 224,16462.0,6762.0,10.12,-25.21,7 496.94,-7 222.06,0.05,0.48,1.04,0.01,"
-40.11
",99
1899366,262.00,441,341.0,100.0,10 905.40,-3 751.24,269 361.90,-104 859.26,0.35,15.60,2.57,373.02,"
58.04
",98
1940556,-100.00,50,42.0,8.0,602.01,-7 544.15,3 193.41,-29 804.38,0.14,-0.91,0.11,-532.22,"
-100.00
",0
1876599,3.77,23,18.0,5.0,5.97,-3.13,40.25,-8.38,0.73,9.37,4.80,1.39,"
2.72
",100
1936042,5.63,32,23.0,9.0,5.65,-3.77,21.49,-10.22,0.25,2.02,2.10,0.35,"
5.63
",100
1742628,0.98,500,392.0,108.0,119.30,-739.65,4 975.27,-4 792.24,0.01,0.09,1.04,0.37,"
-0.37
",84
1661058,295.69,1 515,1162.0,353.0,84.81,-68.45,2 342.26,-1 407.98,0.09,7.19,1.66,0.62,"
4.92
",95
1933332,11.91,39,37.0,2.0,7.59,-7.02,58.07,-14.35,0.53,6.09,4.05,1.12,"
11.91
",94
1831200,21.92,72,59.0,13.0,49.52,-7.70,770.80,-41.94,0.85,90.32,18.38,10.12,"
4.15
",100
1782514,62.71,8 857,6896.0,1961.0,135.64,-65.46,7 546.14,-3 870.35,0.09,11.19,1.95,0.42,"
4.20
",88
1887311,97.37,2 495,1600.0,895.0,1 649.70,-2 288.81,54 958.42,-41 891.55,0.07,1.14,1.31,5.24,"
14.70
",98
1936217,48.67,487,323.0,164.0,39.91,-110.51,2 050.59,-1 529.17,0.08,2.77,1.34,1.07,"
4.76
",48
1942052,63.11,174,57.0,117.0,106.45,-7.30,568.37,-347.49,0.11,2.55,1.64,1.27,"
63.11
",0
1925290,5.12,37,29.0,8.0,322.65,-57.85,1 821.70,-319.45,0.58,16.44,5.70,40.60,"
5.12
",100
1640843,2.51,76,54.0,22.0,2.42,-5.07,25.48,-23.85,0.03,0.22,1.07,0.02,"
-5.82
",100
1930269,4.52,65,38.0,27.0,189.83,-46.23,1 187.22,-509.21,0.27,4.71,2.33,10.43,"
4.52
",100
1939475,113.07,261,180.0,81.0,448.10,-395.03,12 711.80,-4 820.60,0.35,13.42,2.64,30.23,"
113.07
",0
1735280,-1.88,1 043,583.0,460.0,31.31,-41.49,1 734.10,-1 748.89,-0.00,-0.05,0.99,-0.01,"
4.55
",34
1935556,2.51,39,31.0,8.0,10.00,-10.27,66.04,-40.92,0.16,0.62,1.61,0.64,"
2.51
",79
1135918,9.08,452,444.0,8.0,31.90,-23.45,811.26,-44.53,0.60,32.70,18.22,1.70,"
0.98
",0
1939564,4.66,69,51.0,18.0,36.16,-13.07,105.39,-61.66,0.12,1.31,1.71,0.63,"
4.66
",60
1937227,14.71,73,63.0,10.0,9.98,-3.38,122.80,-14.68,0.69,14.65,8.37,1.48,"
14.71
",9
1839522,10.33,32,30.0,2.0,55.79,-49.57,359.63,-51.81,0.62,5.94,6.94,9.62,"
2.44
",0
1937384,40.72,447,405.0,42.0,16.11,-15.71,510.43,-92.74,0.43,26.59,5.50,0.93,"
31.04
",31
1859619,0.81,63,37.0,26.0,16.86,-14.99,77.24,-75.63,0.02,0.08,1.02,0.03,"
-4.37
",0
1684301,151.74,315,163.0,152.0,3.09,-1.51,89.13,-58.59,0.22,7.67,1.52,0.10,"
13.45
",100
1684303,146.90,302,154.0,148.0,3.96,-1.81,113.78,-84.02,0.18,4.54,1.35,0.10,"
12.15
",100
1940880,-22.43,29,21.0,8.0,10.14,-133.95,95.90,-168.50,-0.09,-0.54,0.57,-2.50,"
-22.43
",96
1912993,36.15,66,50.0,16.0,41.24,-16.07,158.66,-86.42,0.16,1.91,1.84,1.09,"
25.78
",0
1928690,13.61,50,48.0,2.0,8.65,-7.61,150.58,-14.73,1.08,17.85,10.22,2.72,"
13.61
",86
1930058,0.19,30,14.0,16.0,4.98,-2.19,20.77,-20.58,0.03,0.02,1.01,0.01,"
0.19
",0
1935285,37.29,204,126.0,78.0,4.98,-6.38,89.14,-55.46,0.13,2.98,1.61,0.17,"
37.29
",95
1871333,59.22,949,915.0,34.0,42.80,-89.88,1 420.83,-234.45,0.31,13.20,6.06,1.25,"
6.32
",98
1933014,12.05,420,342.0,78.0,1 896.87,-1 361.00,31 869.36,-14 157.36,0.15,3.77,2.25,42.17,"
1.64
",0
1833792,145.75,2 064,1873.0,191.0,410.03,-222.78,9 160.77,-4 861.39,0.10,9.70,1.88,2.08,"
42.22
",99
1926285,11.22,2 160,1519.0,641.0,669.36,-260.71,11 267.59,-6 445.91,0.07,9.53,1.75,2.23,"
9.02
",99
1837420,14.20,188,142.0,46.0,2.63,-4.73,46.53,-44.92,0.05,0.14,1.04,0.01,"
3.37
",96
1869641,288.65,3 778,3739.0,39.0,60.02,-15.56,1 534.32,-177.03,0.14,8.59,8.67,0.36,"
29.26
",99
1932848,47.78,294,248.0,46.0,63.10,-5.56,414.04,-35.79,0.26,68.03,11.57,1.29,"
47.78
",0
1899061,11.78,155,155.0,0.0,3.64,0.00,141.42,0.00,1.28,0.00,n/a,0.91,"
5.63
",100
1940162,41.81,139,88.0,51.0,12.60,-24.21,127.18,-85.37,0.12,0.92,1.49,0.30,"
41.81
",96
1469814,33.10,4 314,3162.0,1152.0,458.30,-1 834.28,46 962.79,-46 760.65,0.01,0.02,1.00,0.05,"
-11.47
",90
1934727,43.76,782,525.0,257.0,4 823.72,-3 808.08,57 008.98,-35 100.07,0.08,2.39,1.62,28.02,"
43.76
",99
1298022,500.73,11 425,8529.0,2896.0,661.56,-571.71,45 534.46,-35 237.87,0.05,3.13,1.29,0.90,"
11.25
",96
1751749,7.57,45,45.0,0.0,1 251.00,0.00,37 857.00,0.00,7.64,0.00,n/a,841.27,"
1.12
",100
