Signal Id,Trades,ProfitTrades,LossTrades,BestTrades,WorstTrades,GrossProfit,GrossLoss,SharpeRatio,RecoveryFactor,ProfitFactor,ExpectedPayoff,AlgoTrading
1368342,1 887,1327.0,560.0,807.28,-443.63,30 754.98,-14 453.39,0.16,12.97,2.13,8.64,90
1636506,209,161.0,48.0,133.49,-80.75,2 154.55,-432.82,0.41,20.18,4.98,8.24,8
843451,1 121,789.0,332.0,254.65,-276.76,8 014.13,-5 447.12,0.12,3.32,1.47,2.29,100
1486477,557,419.0,138.0,161.35,-770.90,6 368.60,-7 490.95,-0.03,-0.29,0.85,-2.01,0
1818780,365,232.0,133.0,1 768.00,-879.20,26 700.50,-11 491.85,0.14,11.28,2.32,41.67,1
1598419,470,301.0,169.0,1 793.00,-1 894.46,28 447.56,-16 389.95,0.12,4.14,1.74,25.65,1
1245170,3 086,1966.0,1120.0,16.48,-13.65,5 025.54,-2 745.38,0.19,15.77,1.83,0.74,99
1725375,1 484,1090.0,394.0,366.09,-257.81,9 121.84,-5 551.97,0.11,3.65,1.64,2.41,0
1722050,390,272.0,118.0,1 759.00,-875.60,28 177.04,-11 483.92,0.14,12.42,2.45,42.80,0
1334849,795,603.0,192.0,44.96,-57.80,1 708.13,-1 036.51,0.16,3.51,1.65,0.84,99
1788678,687,556.0,131.0,36.05,-24.00,3 515.42,-947.75,0.04,16.75,3.71,3.74,0
1857419,974,702.0,272.0,49.50,-43.90,2 690.13,-1 228.37,0.26,33.30,2.19,1.50,100
1712504,1 958,1475.0,483.0,68.66,-381.89,15 898.54,-13 149.19,0.10,1.28,1.21,1.40,99
1766488,1 330,995.0,335.0,230.44,-68.56,6 485.39,-3 514.53,0.13,12.28,1.85,2.23,99
1726461,2 125,1311.0,814.0,1 112.50,-778.84,25 019.72,-10 749.21,0.14,17.45,2.33,6.72,0
1895985,235,165.0,70.0,407.33,-205.31,6 244.90,-1 854.64,0.28,17.92,3.37,18.68,0
1829142,376,300.0,76.0,172.38,-253.28,6 066.57,-4 825.85,0.12,0.90,1.26,3.30,0
951062,6 626,4323.0,2303.0,45.41,-120.52,8 498.84,-6 800.65,0.09,4.41,1.25,0.26,99
1778541,729,561.0,168.0,135.69,-59.38,6 266.33,-2 705.20,0.25,14.79,2.32,4.88,99
1780040,1 076,735.0,341.0,1 982.58,-267.72,28 624.34,-6 994.51,0.24,16.12,4.09,20.10,100
1888377,713,559.0,154.0,51.92,-97.17,5 835.78,-2 475.97,0.33,4.91,2.36,4.71,14
1405177,496,321.0,175.0,414.00,-159.99,5 299.37,-3 712.19,0.15,2.56,1.43,3.20,51
1759554,1 055,771.0,284.0,45.81,-52.25,2 630.29,-1 110.80,0.19,27.79,2.37,1.44,99
1694912,3 474,2482.0,992.0,252.84,-375.42,17 905.81,-14 811.87,0.11,4.85,1.21,0.89,98
1855883,541,405.0,136.0,1 131.00,-1 675.07,37 128.13,-19 312.38,0.17,8.33,1.92,32.93,0
1184516,615,427.0,188.0,154.07,-104.96,4 998.69,-3 025.15,0.19,9.36,1.65,3.21,40
1273204,889,682.0,207.0,18.85,-19.92,569.54,-267.85,0.18,15.15,2.13,0.34,100
1894325,1 176,837.0,339.0,19.53,-17.34,2 362.01,-1 033.80,0.27,35.02,2.28,1.13,100
910374,457,366.0,91.0,122.75,-57.98,3 837.48,-817.38,0.34,32.45,4.69,6.61,98
1531887,3 669,2431.0,1238.0,91.96,-207.59,15 666.57,-13 937.57,0.09,2.43,1.12,0.47,93
1526229,3 840,2854.0,986.0,30.11,-129.48,15 005.45,-10 300.62,0.16,7.94,1.46,1.23,99
1312512,1 158,865.0,293.0,97.36,-158.98,4 992.07,-2 296.83,0.24,9.35,2.17,2.33,62
1274869,753,582.0,171.0,36.15,-40.52,1 580.32,-960.19,0.23,5.17,1.65,0.82,74
1612455,1 077,639.0,438.0,983.80,-187.64,9 282.03,-4 235.48,0.13,10.99,2.19,4.69,0
1594934,3 689,2777.0,912.0,84.33,-178.01,9 829.49,-8 661.83,0.09,1.03,1.13,0.32,99
1908576,414,310.0,104.0,80.00,-24.99,3 953.59,-697.13,0.62,22.90,5.67,7.87,2
1507561,99,43.0,56.0,97.66,-58.67,1 950.01,-1 291.60,0.20,3.36,1.51,6.65,0
1415131,816,580.0,236.0,1 254.51,-3 297.29,54 611.44,-18 468.17,0.24,10.92,2.96,44.29,84
1607553,1 391,924.0,467.0,123.97,-76.25,1 927.31,-1 593.48,0.07,2.35,1.21,0.24,99
1882495,71,53.0,18.0,50.46,-90.21,858.09,-469.83,0.26,2.06,1.83,5.47,0
1059619,2 660,1785.0,875.0,154.06,-322.06,19 207.76,-11 503.17,0.13,3.65,1.67,2.90,99
1196985,592,502.0,90.0,196.88,-475.89,13 407.40,-10 194.07,0.17,2.27,1.32,5.43,100
1500355,664,589.0,75.0,27.95,-18.52,829.73,-249.69,0.28,23.96,3.32,0.87,99
1279728,880,680.0,200.0,21.53,-32.86,993.57,-618.07,0.15,6.05,1.61,0.43,77
1729929,240,193.0,47.0,140.60,-229.18,4 540.45,-1 896.57,0.22,8.51,2.39,11.02,100
1815355,753,562.0,191.0,792.31,-567.47,33 754.34,-23 720.00,0.16,2.53,1.42,13.33,0
1619669,293,174.0,119.0,766.31,-749.72,25 785.40,-21 276.27,0.12,1.43,1.21,15.39,25
1790688,710,575.0,135.0,49.99,-32.33,3 818.90,-1 181.16,0.45,7.22,3.23,3.72,74
1486635,205,90.0,115.0,738.12,-546.86,17 182.77,-11 782.62,0.15,2.73,1.46,26.34,0
1175589,2 167,1709.0,458.0,277.66,-73.80,6 388.60,-3 981.20,0.12,7.66,1.60,1.11,100
1437154,1 107,808.0,299.0,62.38,-147.38,1 421.18,-1 564.94,-0.00,-0.20,0.91,-0.13,95
1888448,455,308.0,147.0,11.71,-7.86,611.71,-256.94,0.44,1.90,2.38,0.78,100
1800017,880,625.0,255.0,374.36,-967.54,10 663.70,-8 895.42,0.07,0.62,1.20,2.01,98
1473495,1 179,678.0,501.0,63.47,-63.32,6 392.82,-4 687.84,0.14,4.11,1.36,1.45,100
1794327,219,135.0,84.0,191.53,-137.47,3 227.66,-2 049.43,0.15,5.01,1.57,5.38,14
956328,3 266,2326.0,940.0,9.61,-15.54,2 029.50,-1 655.61,0.07,3.56,1.23,0.11,99
1869110,457,434.0,23.0,37.55,-163.95,1 272.14,-537.19,0.17,3.68,2.37,1.61,"
37.55 USD
                    "
1765169,1 695,1310.0,385.0,209.59,-233.51,3 193.55,-1 940.72,0.07,4.16,1.65,0.74,60
1739862,418,308.0,110.0,618.11,-237.72,11 190.03,-6 091.09,0.23,9.59,1.84,12.20,99
1560883,764,595.0,169.0,3.24,-6.77,302.29,-162.46,0.28,14.27,1.86,0.18,75
721761,1 639,1312.0,327.0,130.31,-249.52,16 906.34,-10 911.48,0.15,1.84,1.55,3.66,98
1620214,462,363.0,99.0,121.84,-75.45,2 974.54,-856.87,0.38,19.11,3.47,4.58,100
1697110,952,767.0,185.0,181.60,-272.40,6 978.06,-2 987.65,0.19,9.34,2.34,4.19,64
1339793,1 748,1271.0,477.0,64.24,-151.21,1 546.44,-1 095.02,0.07,2.24,1.41,0.26,99
1818700,336,246.0,90.0,79.79,-47.14,3 513.76,-1 000.91,0.34,16.06,3.51,7.48,0
1738189,3 036,2279.0,757.0,787.48,-162.77,13 692.78,-7 685.56,0.06,8.11,1.78,1.98,100
1577690,3 045,2157.0,888.0,2 775.48,-1 468.54,123 747.02,-57 269.55,0.16,19.50,2.16,21.83,100
1775340,86,67.0,19.0,59.42,-25.85,323.72,-122.58,0.26,4.59,2.64,2.34,0
1428074,1 197,928.0,269.0,59.06,-30.26,1 451.85,-851.85,0.12,6.70,1.70,0.50,91
884935,896,681.0,215.0,18.69,-31.59,900.03,-633.32,0.16,2.13,1.42,0.30,99
1657121,621,435.0,186.0,96.91,-37.10,2 763.29,-1 015.21,0.18,12.67,2.72,2.81,89
980283,2 971,2294.0,677.0,119.76,-115.98,8 857.77,-3 583.67,0.18,33.32,2.47,1.78,99
1773532,1 018,702.0,316.0,293.12,-63.18,2 433.03,-1 760.14,0.07,3.44,1.38,0.66,86
1766402,502,386.0,116.0,116.40,-40.96,2 042.95,-944.93,0.21,11.39,2.16,2.19,0
1862446,273,180.0,93.0,229.01,-61.11,3 357.89,-1 197.47,0.26,18.37,2.80,7.91,93
1735873,595,387.0,208.0,706.98,-185.05,11 722.84,-5 493.47,0.14,8.20,2.13,10.47,9
1747476,2 452,1942.0,510.0,2 768.01,-280.68,14 555.56,-7 544.66,0.04,3.87,1.93,2.86,95
1816578,1 319,933.0,386.0,350.00,-400.50,41 870.42,-19 160.28,0.19,25.96,2.19,17.22,0
1904950,1 028,742.0,286.0,81.67,-75.02,2 648.88,-1 431.37,0.19,15.94,1.85,1.18,98
1232864,603,437.0,166.0,734.63,-124.15,5 636.42,-1 891.89,0.16,4.99,2.98,6.21,99
1503574,1 182,835.0,347.0,18.08,-27.78,1 236.27,-1 058.89,0.06,1.09,1.17,0.15,98
1102360,6 924,5228.0,1696.0,566.42,-138.85,26 041.79,-16 782.79,0.07,13.91,1.55,1.34,100
1774107,901,654.0,247.0,840.71,-25.36,3 882.70,-1 236.85,0.06,17.24,3.14,2.94,99
1802508,130,106.0,24.0,27.01,-195.09,263.35,-316.31,0.03,-0.23,0.83,-0.41,99
1342817,308,219.0,89.0,354.64,-111.84,4 574.36,-1 860.41,0.25,7.02,2.46,8.81,100
1843084,730,586.0,144.0,159.48,-50.58,1 944.74,-892.94,0.20,7.01,2.18,1.44,58
1771386,105,89.0,16.0,18.39,-30.11,304.06,-127.82,0.31,3.23,2.38,1.68,100
1140052,6 015,4246.0,1769.0,195.29,-172.46,23 785.54,-18 877.30,0.09,8.31,1.26,0.82,99
1733261,557,481.0,76.0,146.80,-57.80,1 988.89,-526.82,0.18,15.51,3.78,2.62,0
1904592,1 849,1410.0,439.0,60.00,-60.19,4 124.96,-3 097.02,0.07,3.37,1.33,0.56,24
1889903,213,151.0,62.0,14.02,-5.53,326.84,-86.02,0.46,10.99,3.80,1.13,"
14.02 USD
                    "
1849190,280,231.0,49.0,210.09,-120.03,4 793.25,-1 112.23,0.46,14.87,4.31,13.15,70
1454267,287,228.0,59.0,196.24,-556.60,14 718.79,-9 244.74,0.15,2.62,1.59,19.07,97
1521998,466,222.0,244.0,1 095.12,-691.39,44 223.97,-23 656.26,0.19,7.38,1.87,44.14,99
1851162,709,490.0,219.0,30.78,-10.58,1 010.53,-344.32,0.25,21.84,2.93,0.94,100
1842919,402,290.0,112.0,20.66,-33.77,953.06,-596.58,0.18,3.04,1.60,0.89,80
1858561,224,140.0,84.0,47.45,-68.30,1 179.64,-823.58,0.16,1.62,1.43,1.59,0
1748758,99,82.0,17.0,47.45,-32.38,463.03,-242.57,0.22,1.61,1.91,2.23,100
1821711,1 293,943.0,350.0,21.66,-23.98,2 800.54,-1 164.17,0.25,63.85,2.41,1.27,100
1794386,1 846,1390.0,456.0,853.83,-271.20,18 393.62,-13 150.35,0.08,3.00,1.40,2.84,99
1855005,405,280.0,125.0,82.46,-23.97,779.94,-457.16,0.12,2.57,1.71,0.80,93
1852765,240,183.0,57.0,144.90,-100.75,1 384.93,-747.29,0.18,3.55,1.85,2.66,92
1772361,672,417.0,255.0,98.67,-164.51,5 371.07,-3 227.39,0.14,7.57,1.66,3.19,5
1747480,1 623,1290.0,333.0,1 347.20,-153.99,9 742.93,-4 367.56,0.07,7.06,2.23,3.31,93
1734270,252,196.0,56.0,35.12,-68.20,713.90,-450.62,0.13,3.38,1.58,1.04,98
1176110,461,323.0,138.0,215.00,-126.00,3 559.09,-2 451.32,0.12,3.82,1.45,2.40,86
1438708,440,174.0,266.0,1 156.22,-944.80,40 465.72,-31 016.26,0.10,1.95,1.30,21.48,92
1662008,813,617.0,196.0,89.04,-111.97,8 352.13,-7 315.22,0.10,1.30,1.14,1.28,99
1379486,539,347.0,192.0,96.67,-116.00,12 306.80,-9 521.53,0.14,4.75,1.29,5.17,0
1861786,475,359.0,116.0,1 365.31,-469.88,18 106.61,-9 395.02,0.19,5.35,1.93,18.34,93
1792156,220,126.0,94.0,5.10,-6.32,608.10,-484.42,0.17,1.18,1.26,0.56,100
1673465,335,236.0,99.0,75.78,-118.23,1 996.94,-1 700.39,0.11,0.99,1.17,0.89,47
1463760,5 216,3552.0,1664.0,384.60,-914.66,70 040.09,-64 809.62,0.07,1.36,1.08,1.00,91
1733865,568,396.0,172.0,61.79,-24.15,2 108.42,-850.39,0.29,8.05,2.48,2.21,99
1539593,338,256.0,82.0,10.37,-15.49,567.75,-288.30,0.35,8.64,1.97,0.83,100
1355749,841,650.0,191.0,2.33,-4.75,304.22,-151.18,0.21,5.42,2.01,0.18,100
1352590,9 916,6688.0,3228.0,2 316.67,-1 623.95,108 876.42,-88 782.01,0.04,4.13,1.23,2.03,98
1349944,2 677,1329.0,1348.0,298.48,-187.53,25 170.33,-21 393.91,0.05,4.27,1.18,1.41,99
1669167,991,658.0,333.0,113.97,-52.18,3 143.92,-1 905.56,0.16,6.28,1.65,1.25,100
708479,1 837,1382.0,455.0,233.39,-544.68,33 678.34,-32 211.97,0.05,0.35,1.05,0.80,97
1609804,2 695,1945.0,750.0,243.92,-1 145.65,7 293.37,-8 138.75,-0.00,-0.34,0.90,-0.31,98
1395432,692,501.0,191.0,124.54,-114.37,1 333.25,-924.50,0.09,3.57,1.44,0.59,99
1708317,461,365.0,96.0,4 330.47,-1 312.63,37 565.12,-11 666.64,0.17,13.90,3.22,56.18,93
1727318,2 115,1495.0,620.0,1 862.08,-456.53,70 470.42,-27 795.42,0.17,26.44,2.54,20.18,99
1800927,1 305,993.0,312.0,1 044.38,-296.97,20 485.61,-8 060.44,0.19,13.02,2.54,9.52,100
1734127,1 466,1148.0,318.0,162.46,-343.26,9 876.17,-7 444.16,0.09,3.12,1.33,1.66,99
1543908,2 140,1377.0,763.0,160.67,-68.34,4 664.69,-2 392.79,0.15,5.24,1.95,1.06,100
1732925,1 627,632.0,995.0,60.72,-70.34,3 201.64,-2 703.91,0.06,2.96,1.18,0.31,100
984345,2 762,1847.0,915.0,36.75,-58.04,4 579.46,-3 450.03,0.07,2.37,1.33,0.41,100
1755281,1 230,1071.0,159.0,1 394.72,-386.60,21 441.81,-11 529.10,0.08,6.55,1.86,8.06,100
1548291,1 909,1263.0,646.0,451.50,-443.92,20 066.27,-12 043.26,0.12,18.07,1.67,4.20,96
1851616,276,195.0,81.0,120.95,-30.35,1 284.59,-532.95,0.18,5.01,2.41,2.72,99
1825005,1 337,965.0,372.0,43.53,-61.62,3 164.25,-1 860.17,0.18,3.52,1.70,0.98,97
1511883,475,475.0,0.0,7.26,0.00,2 758.11,0.00,3.26,0.00,n/a,5.81,98
1333106,1 637,1114.0,523.0,516.12,-381.78,13 874.85,-8 059.65,0.10,15.23,1.72,3.55,99
1766188,844,589.0,255.0,40.14,-67.14,3 138.01,-2 563.17,0.08,1.38,1.22,0.68,0
1759278,1 822,1405.0,417.0,1 365.89,-508.46,18 157.12,-12 489.33,0.05,3.79,1.45,3.11,99
1892660,84,40.0,44.0,26.29,-11.62,707.69,-435.96,0.29,3.03,1.62,3.23,0
1852746,775,558.0,217.0,79.12,-19.42,2 593.84,-1 182.59,0.22,9.13,2.19,1.82,68
1673223,9 055,5541.0,3514.0,280.27,-146.20,28 292.46,-14 597.35,0.11,17.72,1.94,1.51,99
1912421,1 415,859.0,556.0,37.64,-30.33,3 096.74,-1 909.77,0.15,8.19,1.62,0.84,0
1905703,105,93.0,12.0,86.70,-109.56,1 249.47,-385.15,0.32,5.19,3.24,8.23,0
1851612,414,299.0,115.0,72.69,-14.68,1 984.44,-647.72,0.33,16.21,3.06,3.23,88
1102318,4 139,2870.0,1269.0,668.28,-100.45,15 646.82,-10 005.50,0.06,9.87,1.56,1.36,100
1788700,551,251.0,300.0,7.24,-4.58,375.81,-283.98,0.11,2.77,1.32,0.17,99
1795925,485,370.0,115.0,65.50,-36.08,1 897.41,-849.45,0.26,15.70,2.23,2.16,100
1865131,449,341.0,108.0,21.44,-12.74,614.51,-290.79,0.22,18.46,2.11,0.72,"
21.44 USD
                    "
1909561,550,537.0,13.0,183.04,-3 168.30,9 721.66,-9 030.55,0.06,0.09,1.08,1.26,0
1769128,1 326,986.0,340.0,174.90,-110.28,7 087.47,-3 967.16,0.11,4.15,1.79,2.35,90
1818068,119,91.0,28.0,47.88,-19.02,818.33,-156.10,0.55,16.16,5.24,5.56,98
1729646,734,569.0,165.0,113.52,-48.88,1 501.64,-573.76,0.19,12.19,2.62,1.26,100
1543349,1 198,938.0,260.0,599.54,-361.42,18 330.30,-8 549.10,0.15,12.10,2.14,8.16,97
1915229,771,549.0,222.0,26.60,-28.08,1 932.95,-920.38,0.17,30.75,2.10,1.31,99
871735,900,608.0,292.0,25.75,-44.06,1 943.79,-1 742.42,0.07,2.01,1.12,0.22,99
1839898,353,234.0,119.0,14.70,-15.46,338.12,-235.16,0.12,3.12,1.44,0.29,92
1870146,187,145.0,42.0,592.94,-952.02,11 680.40,-6 302.31,0.20,5.65,1.85,28.76,"
592.94 USD
                    "
1338807,473,391.0,82.0,11.68,-20.40,652.32,-239.18,0.26,9.32,2.73,0.87,0
1755063,2 198,1487.0,711.0,63.54,-57.25,3 028.94,-1 740.82,0.14,7.68,1.74,0.59,67
1875453,53,40.0,13.0,6.31,-6.53,126.41,-34.43,0.58,6.92,3.67,1.74,"
6.31 USD
                    "
1815102,147,115.0,32.0,2 033.56,-8 025.38,17 913.19,-20 908.93,-0.13,-0.30,0.86,-20.38,100
1843087,560,411.0,149.0,69.52,-20.91,1 322.49,-599.58,0.20,9.12,2.21,1.29,98
1828093,147,126.0,21.0,29.47,-19.40,474.54,-113.08,0.49,18.63,4.20,2.46,0
1805452,152,129.0,23.0,23.43,-31.73,348.02,-79.43,0.33,8.46,4.38,1.77,0
1789589,1 272,964.0,308.0,2 257.92,-832.80,20 774.46,-12 670.78,0.08,3.39,1.64,6.37,100
1708098,337,197.0,140.0,53.94,-22.64,886.16,-561.05,0.16,3.27,1.58,0.96,100
1202927,1 229,809.0,420.0,23.20,-42.66,1 827.82,-1 454.10,0.10,1.43,1.26,0.30,87
1713835,279,205.0,74.0,10.34,-34.76,220.51,-196.92,0.08,0.24,1.12,0.08,100
1648082,1 499,1100.0,399.0,39.76,-43.31,4 748.45,-2 930.69,0.15,41.97,1.62,1.21,97
1880838,129,73.0,56.0,20.01,-18.44,334.21,-198.95,0.19,1.82,1.68,1.05,0
1878904,95,68.0,27.0,166.02,-42.62,1 500.80,-251.96,0.49,11.04,5.96,13.15,0
1831201,608,544.0,64.0,163.05,-181.14,6 570.65,-2 604.86,0.28,3.32,2.52,6.52,0
1802210,796,543.0,253.0,175.19,-77.68,4 303.46,-1 526.84,0.20,31.44,2.82,3.49,100
1757335,329,266.0,63.0,412.29,-130.50,5 509.83,-2 558.11,0.27,16.71,2.15,8.97,100
1871277,136,84.0,52.0,24.94,-17.12,388.24,-273.39,0.15,1.25,1.42,0.84,0
1829136,347,252.0,95.0,81.46,-18.97,1 202.76,-526.83,0.21,6.15,2.28,1.95,75
1771966,800,515.0,285.0,111.64,-32.94,3 279.55,-1 862.36,0.16,3.20,1.76,1.77,100
1527809,1 579,1142.0,437.0,878.00,-477.14,21 090.61,-13 936.51,0.07,4.45,1.51,4.53,90
1071496,10 425,7361.0,3064.0,1 455.30,-228.78,34 576.04,-20 327.24,0.04,9.76,1.70,1.37,100
1266385,5 500,3565.0,1935.0,7.28,-9.45,2 088.24,-1 920.82,0.05,1.38,1.09,0.03,99
1689186,553,417.0,136.0,189.77,-63.87,3 563.64,-1 869.69,0.19,10.55,1.91,3.06,97
1735923,767,593.0,174.0,42.31,-61.24,3 469.13,-3 052.51,0.07,1.20,1.14,0.54,99
762818,1 402,687.0,715.0,529.97,-526.13,80 693.61,-72 886.62,0.07,1.45,1.11,5.57,99
1711692,1 460,1093.0,367.0,197.42,-58.58,3 069.79,-1 175.05,0.15,13.29,2.61,1.30,99
1790385,271,205.0,66.0,985.05,-580.33,14 818.84,-6 671.30,0.31,8.84,2.22,30.06,98
1759163,634,357.0,277.0,7 925.75,-8 061.00,208 042.20,-155 873.54,0.08,2.73,1.33,82.28,0
1851320,324,253.0,71.0,19.35,-18.81,450.79,-185.91,0.26,11.16,2.42,0.82,46
1731012,4 216,2405.0,1811.0,327.50,-89.39,11 997.24,-6 920.19,0.09,13.63,1.73,1.20,99
810657,33 649,27863.0,5786.0,445.00,-1 228.00,440 335.00,-392 436.00,0.02,4.88,1.12,1.42,99
1067812,467,341.0,126.0,18.86,-13.53,276.70,-155.68,0.22,4.02,1.78,0.26,99
1838707,173,123.0,50.0,88.33,-95.63,1 761.67,-840.99,0.23,6.13,2.09,5.32,98
1907548,227,150.0,77.0,68.16,-27.09,1 416.08,-586.71,0.31,5.11,2.41,3.65,"
68.16 USD
                    "
865902,3 838,2908.0,930.0,86.89,-87.12,13 174.19,-6 578.04,0.19,8.30,2.00,1.72,76
1365004,1 802,1631.0,171.0,211.59,-129.32,5 358.80,-2 444.73,0.15,9.87,2.19,1.62,98
1416781,2 514,1994.0,520.0,248.91,-93.66,7 364.90,-4 470.51,0.11,12.25,1.65,1.15,100
1841158,162,121.0,41.0,131.76,-29.13,1 015.91,-356.77,0.29,5.90,2.85,4.07,95
1825144,968,672.0,296.0,202.44,-207.36,12 164.26,-10 188.37,0.06,1.58,1.19,2.04,93
1765418,594,418.0,176.0,159.60,-76.90,2 321.82,-1 524.61,0.14,3.86,1.52,1.34,98
1694904,4 451,3053.0,1398.0,101.48,-143.03,25 541.54,-21 183.82,-0.01,5.82,1.21,0.98,98
1797249,166,137.0,29.0,6.50,-72.13,126.80,-186.60,-0.04,-0.43,0.68,-0.36,100
85278,710,571.0,139.0,151.90,-72.64,3 082.65,-2 904.89,0.06,0.27,1.06,0.25,99
1733248,242,175.0,67.0,164.04,-88.16,2 075.62,-740.59,0.24,4.72,2.80,5.52,100
1829290,650,508.0,142.0,263.70,-246.30,17 031.91,-5 636.71,0.33,14.13,3.02,17.53,54
991766,4 168,2761.0,1407.0,1 356.00,-384.00,202 601.01,-187 103.02,0.02,1.47,1.08,3.72,100
1808069,361,300.0,61.0,746.83,-2 944.33,24 311.12,-8 739.69,0.29,3.49,2.78,43.13,42
1905017,906,729.0,177.0,48.74,-119.50,2 313.18,-1 603.73,0.12,1.56,1.44,0.78,0
1833165,941,702.0,239.0,277.88,-153.27,8 300.62,-4 106.19,0.15,9.19,2.02,4.46,99
1625519,639,466.0,173.0,695.29,-218.26,7 718.01,-4 816.80,0.10,3.55,1.60,4.54,99
1721298,121,86.0,35.0,698.79,-443.95,7 551.32,-4 450.05,0.19,2.85,1.70,25.63,95
1863393,92,49.0,43.0,165.20,-24.00,866.08,-354.15,0.25,4.56,2.45,5.56,0
1774483,5 497,3667.0,1830.0,213.54,-242.76,30 671.08,-24 509.92,0.09,3.03,1.25,1.12,99
1759237,720,544.0,176.0,36.20,-366.94,2 116.24,-1 678.74,0.15,1.19,1.26,0.61,83
1800209,1 330,733.0,597.0,604.80,-602.20,32 779.44,-28 002.44,0.06,6.44,1.17,3.59,0
1755222,1 535,1190.0,345.0,22.28,-29.31,2 348.86,-1 404.13,0.14,32.23,1.67,0.62,99
1684879,1 022,771.0,251.0,585.66,-452.98,7 935.05,-6 200.03,0.05,1.06,1.28,1.70,98
1774499,6 425,4312.0,2113.0,580.85,-1 585.85,64 802.11,-57 426.32,0.06,1.21,1.13,1.15,99
1841341,120,89.0,31.0,188.63,-118.69,1 036.66,-329.00,-0.08,5.04,3.15,5.90,8
1528382,6 341,4252.0,2089.0,60.62,-50.83,5 348.70,-4 050.00,0.09,4.63,1.32,0.20,100
1915165,443,235.0,208.0,303.64,-39.38,4 866.01,-3 528.51,0.12,2.87,1.38,3.02,31
1584829,473,391.0,82.0,155.65,-172.57,5 505.63,-1 701.44,0.35,15.08,3.24,8.04,100
1735949,1 945,1619.0,326.0,45.61,-114.00,6 381.87,-2 762.52,0.26,4.45,2.31,1.86,97
1774608,1 999,1538.0,461.0,156.17,-113.40,6 288.95,-3 186.36,0.18,4.53,1.97,1.55,98
1908555,885,618.0,267.0,76.62,-65.73,7 107.66,-4 170.82,0.24,8.43,1.70,3.32,0
1795088,355,258.0,97.0,138.96,-49.08,2 168.51,-780.48,0.25,13.54,2.78,3.91,77
1856475,227,175.0,52.0,14.33,-7.48,268.12,-113.76,0.35,10.89,2.36,0.68,92
1613282,294,202.0,92.0,46.20,-20.13,1 061.28,-477.74,0.24,11.43,2.22,1.98,63
1826332,210,169.0,41.0,26.37,-18.07,650.47,-280.86,0.30,3.32,2.32,1.76,100
1729960,184,161.0,23.0,21.67,-54.22,423.51,-288.83,0.12,1.86,1.47,0.73,0
1840643,573,381.0,192.0,27.48,-20.40,1 289.37,-755.53,0.18,6.06,1.71,0.93,0
1803247,448,375.0,73.0,4 534.39,-1 058.82,38 218.46,-19 308.58,0.13,4.82,1.98,42.21,100
1080741,1 741,1173.0,568.0,123.83,-217.88,11 026.77,-7 934.11,0.11,3.57,1.39,1.78,93
1864807,4 091,2357.0,1734.0,3 097.90,-2 911.16,125 709.36,-93 472.19,0.04,6.00,1.34,7.88,99
1822481,334,264.0,70.0,1 082.69,-937.20,10 786.03,-5 267.96,0.13,2.88,2.05,16.52,72
1768504,554,395.0,159.0,1 157.20,-327.12,14 999.88,-8 906.66,0.13,5.11,1.68,11.00,100
1833588,929,669.0,260.0,3 135.71,-1 107.94,52 897.68,-35 584.84,0.08,4.80,1.49,18.64,99
1875442,109,63.0,46.0,118.72,-133.94,2 334.27,-921.82,0.31,3.29,2.53,12.96,58
1823061,381,248.0,133.0,51.38,-19.54,1 213.70,-496.15,0.28,14.80,2.45,1.88,100
1515522,2 638,1878.0,760.0,40.04,-57.02,4 062.50,-3 509.78,0.07,2.31,1.16,0.21,98
1757206,268,221.0,47.0,3 586.28,-3 260.40,74 159.49,-44 054.68,0.18,2.53,1.68,112.33,100
1881815,126,98.0,28.0,25.40,-16.31,519.18,-158.17,0.55,7.78,3.28,2.87,82
1891738,219,148.0,71.0,1 552.33,-1 414.59,23 576.33,-11 513.77,0.21,3.79,2.05,55.08,"
1 552.33 USD
                    "
1838059,1 216,1005.0,211.0,646.55,-170.40,19 299.50,-8 890.18,0.18,19.55,2.17,8.56,94
1819456,897,648.0,249.0,1 737.70,-397.84,42 595.31,-16 958.86,0.18,15.68,2.51,28.58,99
1851084,2 653,1730.0,923.0,71.31,-261.89,2 049.48,-2 305.92,-0.00,-0.43,0.89,-0.10,99
1832210,493,378.0,115.0,170.80,-105.60,1 876.54,-1 223.28,0.09,2.49,1.53,1.33,60
1191406,2 707,1483.0,1224.0,2 340.69,-641.01,55 559.20,-37 446.55,0.07,7.38,1.48,6.69,99
1248157,1 686,1194.0,492.0,16.66,-35.86,1 903.56,-1 776.96,0.03,1.00,1.07,0.08,100
1900213,57,26.0,31.0,254.00,-109.00,2 578.78,-1 581.55,0.19,2.77,1.63,17.50,"
254.00 USD
                    "
987229,326,280.0,46.0,24.96,-17.26,969.71,-174.82,0.57,45.76,5.55,2.44,91
1852613,80,55.0,25.0,20.72,-20.21,342.19,-230.42,0.18,1.67,1.49,1.40,87
1917830,361,279.0,82.0,45.88,-55.02,1 225.48,-489.63,0.24,10.97,2.50,2.04,75
1727311,1 144,956.0,188.0,19.96,-17.01,1 657.39,-1 483.60,0.07,1.85,1.12,0.15,100
1332124,239,187.0,52.0,1 097.50,-431.53,9 738.91,-3 928.58,0.19,5.31,2.48,24.31,100
1030998,232,106.0,126.0,104.55,-39.68,1 556.95,-920.33,0.15,5.67,1.69,2.74,0
1495891,2 156,1622.0,534.0,13 761.49,-3 787.04,232 549.69,-132 949.00,0.09,7.30,1.75,46.20,98
1460456,201,145.0,56.0,4.44,-8.60,163.25,-102.11,0.21,4.24,1.60,0.30,99
1800989,984,740.0,244.0,268.30,-139.33,5 649.15,-3 834.25,0.10,2.38,1.47,1.84,95
1727922,577,438.0,139.0,359.55,-360.18,2 324.13,-1 602.54,0.05,2.00,1.45,1.25,97
1922875,690,493.0,197.0,171.20,-46.50,4 415.14,-1 757.33,0.19,15.59,2.51,3.85,99
1400484,7 575,3925.0,3650.0,2 796.00,-1 701.00,304 288.29,-282 860.63,0.04,4.26,1.08,2.83,34
1824591,262,205.0,57.0,289.34,-163.04,2 954.71,-1 319.67,0.18,4.50,2.24,6.24,90
1889025,547,278.0,269.0,412.50,-92.18,3 426.50,-1 857.01,0.11,6.57,1.85,2.87,98
1416185,301,264.0,37.0,167.63,-135.67,5 440.10,-1 248.49,0.41,26.48,4.36,13.93,100
1798124,564,405.0,159.0,110.08,-30.51,1 834.27,-872.02,0.17,4.73,2.10,1.71,84
1658102,125,121.0,4.0,8.14,-44.19,388.28,-142.66,0.23,3.45,2.72,1.96,100
1812557,1 010,516.0,494.0,4 025.44,-2 058.03,107 803.16,-95 997.74,0.07,0.59,1.12,11.69,98
1849147,1 276,893.0,383.0,238.77,-207.75,3 810.42,-3 277.02,0.06,1.42,1.16,0.42,99
1757266,819,612.0,207.0,66.11,-17.35,1 024.56,-582.32,0.14,6.80,1.76,0.54,99
1917482,244,195.0,49.0,6.18,-10.01,483.78,-135.89,0.48,10.19,3.56,1.43,"
6.18 USD
                    "
1874095,411,330.0,81.0,6 032.60,-3 615.00,90 499.97,-23 685.78,0.32,15.23,3.82,162.56,8
1777938,667,471.0,196.0,241.95,-35.50,4 152.58,-1 291.62,0.22,18.72,3.22,4.29,100
1835797,307,236.0,71.0,504.00,-162.50,3 207.00,-1 761.03,0.12,3.84,1.82,4.71,0
1804041,2 211,1708.0,503.0,463.72,-139.19,8 003.90,-4 381.43,0.09,11.81,1.83,1.64,99
1802208,413,310.0,103.0,332.51,-90.11,2 921.90,-1 170.26,0.16,5.29,2.50,4.24,100
1302291,2 210,1684.0,526.0,38.37,-37.34,8 924.11,-6 268.31,0.11,5.90,1.42,1.20,100
1768008,871,791.0,80.0,78.91,-455.24,4 408.31,-1 330.10,0.12,4.21,3.31,3.53,0
1209960,3 811,2652.0,1159.0,1 044.19,-855.40,21 253.21,-16 649.03,-0.01,1.27,1.28,1.21,99
1852818,694,491.0,203.0,1 276.66,-665.79,39 014.24,-22 111.23,0.16,2.13,1.76,24.36,96
1832691,156,91.0,65.0,5.67,-5.77,394.74,-335.00,0.13,0.65,1.18,0.38,87
1828957,1 966,1555.0,411.0,176.21,-79.53,4 633.93,-2 333.49,0.11,17.85,1.99,1.17,98
1788420,446,316.0,130.0,40.30,-38.84,1 519.84,-678.19,0.25,20.21,2.24,1.89,97
1895066,105,86.0,19.0,42.23,-17.35,367.39,-80.27,0.49,16.55,4.58,2.73,"
42.23 USD
                    "
1877670,55,38.0,17.0,11.64,-6.14,141.73,-43.70,0.46,9.57,3.24,1.78,0
1814440,213,164.0,49.0,84.83,-98.73,2 199.11,-2 397.98,0.07,-0.10,0.92,-0.93,30
1056128,4 485,3083.0,1402.0,84.88,-120.09,7 740.28,-5 021.58,0.14,7.56,1.54,0.61,98
1767609,268,178.0,90.0,3 918.29,-1 291.90,60 545.03,-26 914.22,0.26,6.14,2.25,125.49,0
1831873,1 198,932.0,266.0,146.42,-27.31,2 616.87,-1 261.10,0.12,12.77,2.08,1.13,100
1740113,6 315,4069.0,2246.0,420.00,-860.00,60 993.20,-44 020.92,0.08,6.31,1.39,2.69,94
1636010,595,429.0,166.0,146.73,-50.52,6 086.73,-2 360.40,0.30,10.71,2.58,6.26,99
1590721,137,108.0,29.0,22.64,-87.88,999.83,-445.04,0.32,5.02,2.25,4.05,100
1683445,880,785.0,95.0,3 714.87,-3 204.78,227 285.01,-23 812.36,0.58,57.28,9.54,231.22,59
1896786,87,61.0,26.0,159.72,-82.62,2 667.85,-1 377.50,0.48,10.65,1.94,14.83,0
1160141,306,122.0,184.0,113.01,-83.39,1 419.52,-1 336.80,0.06,0.23,1.06,0.27,84
1495893,1 822,990.0,832.0,515.44,-140.92,22 626.09,-12 264.00,0.13,20.43,1.84,5.69,99
1591135,4 466,2824.0,1642.0,1 141.68,-226.99,88 929.18,-41 770.57,0.09,7.42,2.13,10.56,98
1773168,605,512.0,93.0,134.02,-35.08,1 853.07,-919.63,0.15,7.54,2.02,1.54,100
1764795,1 827,1106.0,721.0,420.56,-514.34,33 319.07,-30 878.14,0.03,0.98,1.08,1.34,87
1209004,1 904,1406.0,498.0,26.96,-76.20,3 662.48,-2 719.47,0.12,2.38,1.35,0.50,98
1639146,680,499.0,181.0,997.39,-334.73,12 455.69,-8 325.94,0.10,3.01,1.50,6.07,93
1894534,91,31.0,60.0,101.77,-10.10,312.50,-132.34,0.18,4.92,2.36,1.98,"
101.77 USD
                    "
1746666,1 052,689.0,363.0,73.32,-120.66,4 274.29,-3 683.58,0.11,0.87,1.16,0.56,94
1500879,1 260,905.0,355.0,27.02,-76.12,2 721.88,-1 988.44,0.11,1.85,1.37,0.58,99
1747525,164,113.0,51.0,386.41,-456.83,8 987.59,-6 594.83,0.13,2.85,1.36,14.59,98
1221221,1 902,1391.0,511.0,26.92,-76.20,3 610.21,-2 729.27,0.11,2.22,1.32,0.46,99
1853609,93,65.0,28.0,82.08,-27.66,666.37,-217.86,0.31,8.20,3.06,4.82,100
499222,3 713,2554.0,1159.0,2 667.72,-1 471.32,42 227.36,-26 617.35,0.07,5.76,1.59,4.20,99
1705729,684,446.0,238.0,132.22,-58.75,2 500.25,-1 587.24,0.14,4.13,1.58,1.33,100
1764181,193,126.0,67.0,399.39,-87.39,3 124.39,-1 130.31,0.25,16.83,2.76,10.33,48
1245792,729,287.0,442.0,28.33,-11.30,2 440.30,-1 904.21,0.11,2.92,1.28,0.74,96
981507,3 744,1409.0,2335.0,38 335.56,-6 674.14,1 819 879.85,-1 492 425.54,0.04,5.84,1.22,87.46,38
1747523,175,122.0,53.0,6 546.46,-8 396.03,207 018.73,-167 572.23,0.12,1.26,1.24,225.41,95
1375120,1 240,749.0,491.0,111.90,-135.64,3 897.69,-5 074.26,-0.03,-0.72,0.77,-0.95,100
1892323,147,99.0,48.0,95.21,-20.90,722.62,-294.71,0.27,5.11,2.45,2.91,95
1370953,1 104,811.0,293.0,415.90,-117.17,11 671.20,-6 515.26,0.14,12.54,1.79,4.67,99
1729639,353,289.0,64.0,33.29,-30.15,804.68,-292.90,0.30,7.84,2.75,1.45,100
1729794,293,199.0,94.0,6.59,-23.23,351.03,-277.00,0.11,2.09,1.27,0.25,96
1811855,1 077,689.0,388.0,483.19,-114.53,4 725.58,-2 336.29,0.11,4.87,2.02,2.22,99
1868168,1 685,1257.0,428.0,428.17,-587.28,8 479.66,-5 812.74,0.07,4.07,1.46,1.58,99
1258804,907,632.0,275.0,61.84,-160.55,2 861.78,-2 163.05,0.13,2.80,1.32,0.77,87
1824997,817,566.0,251.0,27.26,-147.69,1 729.30,-1 137.55,0.11,2.13,1.52,0.72,97
1850668,236,161.0,75.0,21.97,-54.18,676.56,-489.35,0.11,1.69,1.38,0.79,0
1806093,71,50.0,21.0,37.32,-17.58,552.07,-154.81,0.54,8.12,3.57,5.60,100
1849063,536,425.0,111.0,60.24,-77.37,1 315.49,-884.93,0.10,2.78,1.49,0.80,86
1786133,766,614.0,152.0,2.59,-2.46,237.96,-133.65,0.22,3.80,1.78,0.14,97
1809558,299,214.0,85.0,149.18,-58.59,1 134.57,-676.35,0.13,5.01,1.68,1.53,100
1876913,86,60.0,26.0,434.40,-517.30,5 540.79,-3 366.48,0.20,2.78,1.65,25.28,"
434.40 USD
                    "
1854136,751,521.0,230.0,138.38,-27.12,2 125.88,-683.85,0.21,17.29,3.11,1.92,98
1802842,488,396.0,92.0,8.02,-13.81,408.23,-198.47,0.24,10.18,2.06,0.43,0
1856049,527,401.0,126.0,3 046.50,-2 052.16,43 913.53,-26 581.06,0.09,3.70,1.65,32.89,1
1806579,218,183.0,35.0,172.63,-148.15,3 710.06,-1 228.79,0.39,7.53,3.02,11.38,100
1764116,805,533.0,272.0,63.63,-230.90,5 240.72,-4 793.17,0.06,0.73,1.09,0.56,95
1849137,1 411,1009.0,402.0,1 523.17,-1 165.25,11 428.55,-9 407.79,0.04,0.96,1.21,1.43,99
1426943,1 221,1086.0,135.0,204.96,-160.11,2 027.85,-1 548.97,0.04,1.96,1.31,0.39,99
1894062,138,77.0,61.0,62.42,-63.14,1 734.91,-856.98,0.30,4.13,2.02,6.36,"
62.42 USD
                    "
1913306,198,151.0,47.0,45.50,-57.30,919.52,-675.39,0.12,1.51,1.36,1.23,"
45.50 USD
                    "
1417893,707,484.0,223.0,2 461.59,-2 459.97,19 916.10,-16 620.97,0.05,1.34,1.20,4.66,99
1883890,676,565.0,111.0,258.00,-560.00,7 500.08,-5 646.53,0.08,1.55,1.33,2.74,0
1531821,1 494,947.0,547.0,1 491.28,-459.14,44 572.61,-20 909.48,0.17,7.36,2.13,15.84,98
1839028,188,140.0,48.0,159.18,-286.60,1 812.72,-1 302.63,0.11,1.73,1.39,2.71,94
1827355,282,201.0,81.0,41.51,-12.22,404.70,-205.67,0.17,5.77,1.97,0.71,100
1434198,5 198,2973.0,2225.0,1 276.00,-634.08,366 480.88,-301 269.62,0.07,3.44,1.22,12.55,86
1747801,400,331.0,69.0,5.46,-16.38,571.82,-377.18,0.17,4.70,1.52,0.49,87
1803281,204,173.0,31.0,25.20,-19.89,385.90,-251.22,0.16,1.88,1.54,0.66,99
1755228,497,227.0,270.0,91.76,-32.80,1 015.42,-982.26,0.04,0.13,1.03,0.07,0
1556907,1 654,1155.0,499.0,31.96,-41.96,2 311.37,-1 666.83,0.13,4.63,1.39,0.39,81
1925445,119,76.0,43.0,37.80,-45.18,2 146.82,-1 295.40,0.28,3.16,1.66,7.15,"
37.80 USD
                    "
1721322,1 225,926.0,299.0,7.26,-20.96,1 117.01,-875.41,0.10,1.68,1.28,0.20,99
1790092,9 665,7261.0,2404.0,2 553.36,-2 080.65,56 935.59,-37 558.96,0.06,1.64,1.52,2.00,90
1838364,344,219.0,125.0,55.00,-72.31,1 065.79,-776.01,0.09,1.86,1.37,0.84,0
1859252,468,393.0,75.0,23.87,-52.24,1 569.47,-756.97,0.22,7.35,2.07,1.74,"
23.87 USD
                    "
1676020,444,164.0,280.0,110.08,-49.37,3 244.93,-2 922.41,0.04,1.27,1.11,0.73,100
1598467,1 246,894.0,352.0,160.28,-481.04,6 459.11,-2 795.82,0.17,3.16,2.31,2.94,98
1877939,841,411.0,430.0,5 020.00,-3 713.89,126 276.89,-108 145.76,0.05,1.98,1.17,21.56,58
1315897,1 282,1039.0,243.0,99.04,-77.01,3 429.60,-3 077.56,0.07,0.97,1.11,0.27,100
1638287,200,186.0,14.0,42.50,-43.65,277.09,-149.14,0.12,2.93,1.86,0.64,100
1793027,829,627.0,202.0,219.55,-122.89,3 225.48,-2 255.87,0.08,3.90,1.43,1.17,0
1814170,571,395.0,176.0,287.77,-77.33,5 754.93,-2 120.66,0.24,13.45,2.71,6.36,93
1885130,1 135,580.0,555.0,97.28,-79.42,2 832.42,-2 367.81,0.05,3.14,1.20,0.41,100
1753666,71,67.0,4.0,35.50,-60.85,283.89,-125.23,0.27,1.81,2.27,2.23,100
1761020,79,59.0,20.0,52.80,-15.82,535.80,-155.64,0.46,5.51,3.44,4.81,93
1820783,311,218.0,93.0,41.51,-12.22,403.96,-249.48,0.12,3.18,1.62,0.50,100
1819914,185,138.0,47.0,38.78,-19.45,198.43,-104.26,0.11,2.50,1.90,0.51,0
1638265,1 048,783.0,265.0,57.93,-104.32,5 099.75,-4 558.44,0.04,0.98,1.12,0.52,96
1750469,2 612,1791.0,821.0,841.80,-328.53,9 088.84,-6 359.48,0.04,3.20,1.43,1.04,98
1824531,425,374.0,51.0,87.23,-26.81,1 016.88,-548.78,0.12,6.23,1.85,1.10,100
1892878,134,96.0,38.0,62.82,-91.76,1 168.40,-340.45,0.37,6.10,3.43,6.18,"
62.82 EUR
                    "
1839365,1 421,1125.0,296.0,60.92,-150.58,6 370.15,-2 257.81,0.24,2.72,2.82,2.89,96
1905374,129,75.0,54.0,37.48,-30.27,324.04,-262.43,0.10,0.66,1.23,0.48,"
37.48 USD
                    "
597557,1 142,874.0,268.0,47.55,-51.99,2 232.02,-2 014.22,0.06,1.10,1.11,0.19,6
1623679,1 168,921.0,247.0,223.10,-291.99,4 970.37,-3 755.82,0.06,1.05,1.32,1.04,97
1753794,445,303.0,142.0,149.98,-484.24,2 654.20,-1 878.50,0.06,0.66,1.41,1.74,100
1667769,477,360.0,117.0,75.16,-22.25,1 040.25,-462.16,0.17,7.54,2.25,1.21,71
1489068,706,643.0,63.0,45.05,-53.40,1 553.43,-629.28,0.18,13.10,2.47,1.31,100
1837000,150,116.0,34.0,232.31,-61.72,2 304.95,-872.33,0.27,12.52,2.64,9.55,84
1787226,1 174,992.0,182.0,3.27,-12.07,1 253.33,-1 075.67,0.08,1.53,1.17,0.15,100
1891113,34,27.0,7.0,11.83,-7.13,95.56,-26.45,0.46,7.47,3.61,2.03,"
11.83 USD
                    "
1796829,1 785,1272.0,513.0,466.00,-1 600.54,13 173.05,-11 916.73,0.05,0.35,1.11,0.70,98
1502590,988,849.0,139.0,5.32,-14.19,346.67,-286.04,0.08,2.20,1.21,0.06,99
1851333,2 515,1908.0,607.0,565.18,-45.73,6 338.74,-3 145.91,0.08,13.74,2.01,1.27,99
1891661,479,418.0,61.0,4.85,-6.75,304.20,-103.04,0.32,13.43,2.95,0.42,"
4.85 USD
                    "
1621982,448,121.0,327.0,144.53,-99.76,3 690.46,-3 480.71,0.04,0.34,1.06,0.47,0
1864523,699,528.0,171.0,277.88,-114.68,6 227.07,-2 668.88,0.18,7.87,2.33,5.09,"
277.88 USD
                    "
1885158,314,250.0,64.0,16.16,-10.45,279.09,-192.73,0.13,3.80,1.45,0.28,"
16.16 EUR
                    "
1588254,86,73.0,13.0,27.45,-16.69,368.81,-92.50,0.56,16.45,3.99,3.21,100
1667614,850,568.0,282.0,118.61,-204.93,7 254.76,-4 735.33,0.14,2.74,1.53,2.96,93
1744126,548,455.0,93.0,59.00,-35.67,738.48,-562.13,0.09,2.66,1.31,0.32,99
1727733,231,165.0,66.0,114.45,-13.80,634.29,-270.89,0.16,7.44,2.34,1.57,99
966602,2 276,1791.0,485.0,153.40,-68.01,8 216.74,-4 387.74,0.12,14.48,1.87,1.68,99
1778551,296,215.0,81.0,39.95,-20.89,1 192.73,-458.63,0.32,10.36,2.60,2.48,100
1899211,163,83.0,80.0,60.92,-70.61,1 301.62,-1 330.89,0.04,-0.08,0.98,-0.18,"
60.92 USD
                    "
1831762,658,593.0,65.0,9.90,-103.08,927.04,-737.08,0.07,0.67,1.26,0.29,0
1897678,441,385.0,56.0,179.33,-81.99,2 844.09,-1 246.84,0.20,10.31,2.28,3.62,"
179.33 USD
                    "
1243950,577,253.0,324.0,17 155.76,-5 253.10,128 188.91,-66 534.35,0.08,6.90,1.93,106.85,100
1741076,196,150.0,46.0,8.85,-16.31,280.48,-121.40,0.26,2.61,2.31,0.81,98
1889467,632,436.0,196.0,658.94,-62.22,9 150.91,-2 050.16,0.25,24.76,4.46,11.24,"
658.94 USD
                    "
1876794,129,60.0,69.0,100.16,-51.00,1 040.04,-566.93,0.27,4.12,1.83,3.67,"
100.16 USD
                    "
798703,674,280.0,394.0,97.38,-98.64,4 645.81,-4 138.31,0.04,1.00,1.12,0.75,78
1839029,309,205.0,104.0,29.25,-31.68,685.39,-442.24,0.14,5.11,1.55,0.79,89
1678275,429,181.0,248.0,6.09,-14.82,626.33,-594.39,0.05,0.48,1.05,0.07,100
1829097,961,716.0,245.0,191.30,-47.40,3 748.15,-1 716.63,0.20,8.91,2.18,2.11,89
1880519,687,496.0,191.0,872.36,-216.62,18 325.23,-7 622.46,0.21,11.32,2.40,15.58,99
1865690,54,34.0,20.0,25.35,-32.84,271.33,-117.70,0.34,3.22,2.31,2.85,"
25.35 EUR
                    "
1918696,1 336,865.0,471.0,53.75,-83.77,5 685.48,-4 215.11,0.11,3.85,1.35,1.10,0
1907582,23,15.0,8.0,16.01,-17.22,113.38,-65.03,0.27,2.61,1.74,2.10,"
16.01 USD
                    "
1766650,205,144.0,61.0,72.39,-17.81,394.77,-233.34,0.10,2.72,1.69,0.79,94
1646236,347,154.0,193.0,300.00,-86.40,6 119.05,-3 568.73,0.16,7.10,1.71,7.35,0
1759581,1 404,1057.0,347.0,1 576.84,-724.75,16 492.81,-8 979.61,0.08,6.32,1.84,5.35,67
1601679,442,253.0,189.0,1 379.00,-198.78,8 463.29,-4 737.93,0.10,8.28,1.79,8.43,98
1552871,133,81.0,52.0,598.74,-337.50,5 904.30,-5 083.03,0.10,0.42,1.16,6.17,0
1749066,1 084,839.0,245.0,99.12,-43.06,1 599.89,-1 242.50,0.06,3.12,1.29,0.33,99
1728395,236,169.0,67.0,1.93,-2.19,78.89,-47.96,0.27,6.50,1.64,0.13,100
1215538,2 381,1701.0,680.0,1 812.18,-1 355.48,31 892.16,-23 703.34,0.03,1.57,1.35,3.44,99
1784385,186,128.0,58.0,13.10,-10.07,159.76,-82.63,0.25,2.48,1.93,0.41,96
1895416,66,48.0,18.0,48.40,-24.30,718.20,-362.70,0.52,11.62,1.98,5.39,"
48.40 USD
                    "
1901642,238,163.0,75.0,22.59,-20.40,780.22,-468.28,0.20,2.73,1.67,1.31,"
22.59 USD
1917473,424,342.0,82.0,6.73,-13.56,888.20,-226.46,0.46,19.38,3.92,1.56,"
6.73 USD
                    "
1857365,442,309.0,133.0,392.93,-1 098.99,6 341.71,-6 654.03,0.00,-0.11,0.95,-0.71,98
966598,2 347,1839.0,508.0,153.40,-68.01,7 852.84,-4 302.62,0.11,13.42,1.83,1.51,99
1668471,64,32.0,32.0,223.35,-21.25,652.94,-297.71,0.16,3.14,2.19,5.55,0
1871114,161,112.0,49.0,39.55,-29.64,552.30,-270.86,0.21,2.05,2.04,1.75,"
39.55 USD
                    "
1874331,1 167,919.0,248.0,90.93,-37.46,2 554.86,-1 135.94,0.18,17.63,2.25,1.22,87
1614239,2 801,1845.0,956.0,232.28,-203.30,5 856.21,-4 398.67,0.05,7.17,1.33,0.52,100
1891953,33,26.0,7.0,46.17,-20.88,284.49,-82.99,0.47,5.02,3.43,6.11,"
46.17 USD
                    "
1815174,414,259.0,155.0,12.58,-21.16,842.36,-500.85,0.18,2.64,1.68,0.82,100
1833566,164,144.0,20.0,72.00,-248.64,2 991.06,-1 405.40,0.22,2.78,2.13,9.67,100
1647142,1 108,767.0,341.0,9.25,-13.32,814.93,-657.66,0.08,2.36,1.24,0.14,99
1526340,4 104,2720.0,1384.0,145.25,-487.89,16 376.37,-15 536.25,0.04,0.48,1.05,0.20,98
1824514,261,175.0,86.0,35.65,-108.95,960.13,-800.07,0.08,0.54,1.20,0.61,100
1772347,278,190.0,88.0,11.21,-10.89,379.52,-223.12,0.22,4.01,1.70,0.56,85
1833583,100,51.0,49.0,31.04,-3.92,96.06,-38.44,0.20,4.10,2.50,0.58,0
1791253,351,265.0,86.0,1 025.55,-231.61,7 695.71,-3 941.33,0.15,3.66,1.95,10.70,99
1073428,7 820,5497.0,2323.0,1 167.43,-811.27,61 465.86,-48 545.09,0.03,1.22,1.27,1.65,97
1823598,1 380,934.0,446.0,777.60,-121.94,9 609.76,-2 837.57,0.20,8.83,3.39,4.91,99
1888990,148,81.0,67.0,11.85,-9.46,402.97,-257.27,0.21,1.97,1.57,0.98,"
11.85 USD
                    "
1905607,27,16.0,11.0,151.15,-1 408.18,574.37,-1 709.59,-0.13,-0.79,0.34,-42.05,"
151.15 USD
                    "
1908940,319,247.0,72.0,14.74,-20.04,605.31,-449.55,0.11,3.18,1.35,0.49,"
14.74 USD
                    "
1549391,6 947,5252.0,1695.0,675.36,-150.26,15 985.96,-12 855.86,0.04,2.01,1.24,0.45,98
1783125,813,524.0,289.0,21.73,-52.60,968.90,-487.89,0.19,3.73,1.99,0.59,100
1853902,288,201.0,87.0,47.95,-17.23,593.02,-331.14,0.20,7.72,1.79,0.91,99
1928004,119,95.0,24.0,8.39,-16.73,162.22,-84.23,0.22,4.66,1.93,0.66,"
8.39 USD
                    "
1165611,2 641,1772.0,869.0,484.50,-206.25,17 660.47,-14 870.69,0.09,1.99,1.19,1.06,89
1849207,866,662.0,204.0,23.56,-23.59,1 003.02,-452.69,0.18,19.99,2.22,0.64,97
1855741,61,50.0,11.0,2.34,-8.66,54.44,-15.49,0.47,4.50,3.51,0.64,3
1185578,5 815,4056.0,1759.0,11.12,-27.50,2 977.24,-2 853.66,0.01,0.77,1.04,0.02,99
1789148,371,274.0,97.0,1 052.16,-1 037.76,5 279.89,-4 468.70,0.05,0.78,1.18,2.19,43
1904339,214,143.0,71.0,88.05,-73.00,1 234.62,-916.14,0.09,2.78,1.35,1.49,"
88.05 USD
                    "
1793829,1 326,731.0,595.0,799.80,-775.80,39 588.03,-33 763.01,0.05,3.92,1.17,4.39,0
1864511,456,406.0,50.0,266.69,-116.45,3 222.74,-1 358.11,0.24,13.19,2.37,4.09,"
266.69 EUR
                    "
1830166,254,180.0,74.0,38.84,-22.45,672.38,-411.64,0.19,4.63,1.63,1.03,97
1918306,468,290.0,178.0,76.00,-22.83,1 582.13,-872.69,0.15,5.56,1.81,1.52,0
1778652,451,312.0,139.0,389.94,-676.98,10 038.75,-8 227.98,0.09,0.76,1.22,4.02,88
1766360,75,36.0,39.0,41.29,-36.82,362.81,-231.91,0.17,2.05,1.56,1.75,0
1894421,2 399,1945.0,454.0,869.40,-221.68,13 707.24,-6 913.16,0.11,9.71,1.98,2.83,99
1836240,263,106.0,157.0,100.96,-51.16,2 683.45,-2 689.09,0.01,-0.02,1.00,-0.02,96
1911474,215,177.0,38.0,104.20,-82.40,1 953.06,-575.58,0.27,12.92,3.39,6.41,"
104.20 USD
                    "
1926686,1 519,996.0,523.0,262.75,-171.00,6 770.34,-3 125.25,0.00,10.39,2.17,2.40,0
1920901,150,103.0,47.0,206.51,-32.10,1 464.80,-339.54,0.25,9.02,4.31,7.50,"
206.51 USD
                    "
1831120,436,339.0,97.0,9.71,-22.53,546.78,-254.79,0.26,12.93,2.15,0.67,100
1904925,489,329.0,160.0,1 634.42,-187.89,17 086.10,-5 600.50,0.18,13.97,3.05,23.49,"
1 634.42 USD
                    "
1846459,191,134.0,57.0,2 648.37,-2 367.63,56 427.36,-40 487.87,0.13,1.17,1.39,83.45,96
1815181,170,116.0,54.0,56.88,-26.08,531.30,-259.16,0.19,2.07,2.05,1.60,100
1489462,419,359.0,60.0,51.00,-41.53,1 404.95,-413.34,0.37,22.69,3.40,2.37,99
1859257,1 408,992.0,416.0,418.98,-98.76,4 662.66,-2 375.29,0.10,6.57,1.96,1.62,"
418.98 USD
                    "
1858257,429,321.0,108.0,17.89,-49.57,760.18,-482.61,0.14,5.03,1.58,0.65,"
17.89 USD
                    "
1910202,800,576.0,224.0,11.90,-3.20,261.68,-78.71,0.26,18.54,3.32,0.23,"
11.90 USDT
                    "
1856645,176,125.0,51.0,55.84,-103.87,470.51,-516.60,-0.00,-0.21,0.91,-0.26,97
1860952,99,86.0,13.0,8.80,-15.02,238.78,-68.81,0.49,11.32,3.47,1.72,93
1901640,214,170.0,44.0,322.00,-1 147.06,4 601.89,-2 497.74,0.10,1.22,1.84,9.83,"
322.00 USD
                    "
1852751,78,61.0,17.0,3.66,-24.27,51.39,-41.08,0.07,0.41,1.25,0.13,98
1880422,159,99.0,60.0,191.92,-53.55,2 283.85,-1 082.07,0.21,4.93,2.11,7.56,"
191.92 USD
                    "
1804606,1 346,740.0,606.0,1 330.56,-1 324.84,80 213.32,-67 994.23,0.06,8.05,1.18,9.08,0
1908391,79,61.0,18.0,2.30,-24.37,46.25,-37.56,0.06,0.34,1.23,0.11,100
1821958,351,245.0,106.0,41.96,-13.13,486.23,-317.18,0.13,3.95,1.53,0.48,100
1747314,4 178,2403.0,1775.0,903.55,-1 069.20,160 247.74,-113 650.77,0.10,3.00,1.41,11.15,98
1807363,360,258.0,102.0,6.82,-11.47,187.06,-176.77,0.08,0.30,1.06,0.03,100
1934194,169,71.0,98.0,156.70,-108.72,2 231.19,-1 732.37,0.11,0.76,1.29,2.95,"
156.70 USD
                    "
1863727,620,421.0,199.0,10.71,-2.13,221.38,-109.78,0.17,11.86,2.02,0.18,"
10.71 USD
                    "
911766,720,551.0,169.0,2.01,-3.92,149.53,-111.42,0.17,1.83,1.34,0.05,100
1859677,218,137.0,81.0,80.31,-58.06,1 301.16,-878.00,0.16,1.13,1.48,1.94,0
1910095,258,193.0,65.0,14.68,-20.39,470.69,-344.67,0.11,2.42,1.37,0.49,"
14.68 USD
                    "
1832677,2 089,1471.0,618.0,2 548.51,-520.53,16 762.49,-8 966.12,0.05,3.25,1.87,3.73,98
1671079,1 751,1099.0,652.0,750.58,-1 267.88,25 989.93,-11 232.78,0.11,11.26,2.31,8.43,98
1890208,66,45.0,21.0,41.07,-82.31,552.90,-629.84,-0.04,-0.22,0.88,-1.17,"
41.07 USD
                    "
1864994,161,88.0,73.0,433.50,-154.30,1 833.71,-1 087.37,0.10,2.92,1.69,4.64,"
433.50 GBP
                    "
1570253,1 292,984.0,308.0,7 191.55,-2 237.06,85 418.86,-52 552.68,0.09,3.83,1.63,25.44,96
1836946,129,122.0,7.0,16.24,-22.09,417.68,-165.28,0.35,1.88,2.53,1.96,100
1742887,654,423.0,231.0,314.33,-67.49,2 042.84,-1 131.15,0.09,2.15,1.81,1.39,100
1760395,364,335.0,29.0,64.90,-111.14,1 839.27,-455.39,0.30,6.28,4.04,3.80,94
1759535,1 322,1011.0,311.0,123.64,-145.78,4 579.96,-3 852.89,0.07,2.13,1.19,0.55,74
1636731,1 163,1053.0,110.0,1 182.76,-325.96,23 501.03,-11 204.56,0.15,16.31,2.10,10.57,98
1705129,440,287.0,153.0,50.52,-18.32,881.53,-580.60,0.11,3.72,1.52,0.68,95
1725821,243,134.0,109.0,64.79,-58.20,1 449.16,-988.40,0.19,1.21,1.47,1.90,0
1647478,991,714.0,277.0,859.34,-314.42,12 406.42,-7 883.71,0.11,3.55,1.57,4.56,91
1676532,115,43.0,72.0,1 742.62,-1 204.72,17 116.08,-13 699.10,0.12,1.07,1.25,29.71,68
1895442,57,36.0,21.0,80.96,-23.21,751.96,-416.24,0.42,8.53,1.81,5.89,"
80.96 USD
                    "
1832604,268,185.0,83.0,535.60,-168.72,5 333.79,-3 254.83,0.13,4.35,1.64,7.76,91
1395342,10 918,7067.0,3851.0,473.76,-668.80,69 118.09,-59 653.38,0.04,4.22,1.16,0.87,99
1629812,1 084,969.0,115.0,85.91,-39.72,1 480.71,-722.28,0.13,9.46,2.05,0.70,99
1823865,413,353.0,60.0,87.23,-27.01,863.16,-529.29,0.09,3.59,1.63,0.81,98
1592148,156,125.0,31.0,18.49,-6.41,331.57,-68.95,0.48,17.15,4.81,1.68,100
1733977,1 382,1011.0,371.0,39.81,-33.82,5 721.75,-4 068.30,0.14,2.89,1.41,1.20,100
1896793,74,46.0,28.0,38.40,-40.60,875.40,-651.20,0.28,3.77,1.34,3.03,"
38.40 USD
                    "
1847696,1 219,955.0,264.0,26.91,-28.85,1 038.92,-787.83,0.07,1.87,1.32,0.21,94
1774551,1 367,1033.0,334.0,610.00,-176.70,22 274.76,-6 715.63,0.28,18.24,3.32,11.38,4
1712414,699,489.0,210.0,12.47,-28.26,766.46,-520.53,0.08,0.98,1.47,0.35,100
1862221,82,59.0,23.0,1 232.33,-855.96,4 034.73,-2 325.97,0.10,2.00,1.73,20.84,0
1731576,9 045,6677.0,2368.0,173.73,-946.32,33 856.96,-30 073.66,0.01,0.70,1.13,0.42,69
1788925,712,566.0,146.0,3 259.77,-2 876.28,95 854.18,-37 129.33,0.23,11.50,2.58,82.48,87
1906644,143,95.0,48.0,10.94,-5.84,125.25,-74.96,0.31,2.37,1.67,0.35,97
1918315,489,297.0,192.0,102.60,-135.25,1 693.77,-1 233.60,0.07,1.78,1.37,0.94,0
1623230,81,66.0,15.0,15.49,-8.19,159.62,-32.47,0.49,9.21,4.92,1.57,0
1849973,249,173.0,76.0,404.06,-131.72,2 265.55,-1 473.80,0.10,1.70,1.54,3.18,97
1862188,183,87.0,96.0,72.70,-48.28,2 277.88,-1 685.37,0.12,1.13,1.35,3.24,"
72.70 USD
                    "
1519656,3 510,2705.0,805.0,886.44,-1 209.16,24 856.36,-19 646.30,0.04,0.67,1.27,1.48,98
1730652,763,630.0,133.0,1 043.91,-287.56,8 404.21,-5 321.08,0.06,4.17,1.58,4.04,100
1881631,134,102.0,32.0,2 990.96,-1 677.36,35 747.79,-14 926.03,0.28,8.14,2.39,155.39,"
2 990.96 USD
                    "
1670231,2 556,1627.0,929.0,51.63,-34.76,1 389.40,-1 291.51,0.04,0.85,1.08,0.04,99
1287725,3 944,2801.0,1143.0,29.65,-29.10,2 499.12,-1 253.92,0.14,8.74,1.99,0.32,86
1833606,415,333.0,82.0,95.77,-84.65,2 376.36,-1 054.59,0.29,15.13,2.25,3.18,94
1887149,697,263.0,434.0,703.63,-174.74,3 125.81,-1 534.96,0.07,4.59,2.04,2.28,"
703.63 USD
                    "
1885162,88,65.0,23.0,12.82,-6.77,195.54,-59.36,0.49,7.07,3.29,1.55,"
12.82 USD
                    "
1845080,154,73.0,81.0,24.77,-18.55,1 143.97,-935.99,0.11,1.39,1.22,1.35,85
1357266,254,191.0,63.0,46.23,-53.59,782.59,-263.66,0.31,8.66,2.97,2.04,77
1886323,133,103.0,30.0,62.99,-113.32,1 290.83,-842.55,0.14,0.83,1.53,3.37,"
62.99 USD
                    "
1883078,721,527.0,194.0,557.92,-136.24,12 108.60,-4 919.90,0.19,26.30,2.46,9.97,"
557.92 GBP
                    "
1733589,305,214.0,91.0,357.75,-301.86,5 930.47,-3 869.44,0.15,1.74,1.53,6.76,91
1595363,2 714,1379.0,1335.0,5.50,-5.87,1 769.42,-1 581.52,0.05,1.54,1.12,0.07,100
1913387,226,132.0,94.0,6.31,-10.41,119.85,-217.92,0.03,-0.63,0.55,-0.43,"
6.31 USD
                    "
1807482,331,271.0,60.0,8.83,-17.20,213.56,-159.87,0.10,1.83,1.34,0.16,98
1820256,502,260.0,242.0,2 663.49,-1 076.07,12 805.56,-8 802.11,0.07,1.86,1.45,7.97,92
1897014,821,567.0,254.0,1 204.79,-442.89,15 278.80,-6 510.88,0.14,10.46,2.35,10.68,"
1 204.79 USD
                    "
1785228,3 119,1712.0,1407.0,803.84,-565.12,12 679.74,-9 940.63,0.03,2.35,1.28,0.88,100
1815172,205,145.0,60.0,63.84,-17.51,800.66,-295.35,0.24,8.52,2.71,2.46,100
1862964,624,479.0,145.0,20.24,-166.00,1 187.16,-876.33,0.06,0.82,1.35,0.50,0
1751294,260,165.0,95.0,23.31,-31.50,563.25,-494.60,0.05,0.76,1.14,0.26,100
1895479,103,71.0,32.0,15.15,-14.90,563.40,-290.90,0.56,13.26,1.94,2.65,"
15.15 USD
                    "
1896768,86,70.0,16.0,778.59,-1 025.57,6 811.09,-3 257.64,0.24,2.42,2.09,41.32,"
778.59 USD
                    "
1868255,49,27.0,22.0,382.73,-195.66,1 422.96,-990.17,0.12,1.31,1.44,8.83,"
382.73 EUR
                    "
1682342,6 449,4664.0,1785.0,131.18,-136.76,11 715.83,-8 023.29,0.08,2.34,1.46,0.57,99
1731444,175,113.0,62.0,66.03,-31.90,1 621.65,-589.60,0.38,15.17,2.75,5.90,97
1263823,1 618,1258.0,360.0,123.92,-171.66,15 069.69,-14 672.25,0.06,0.23,1.03,0.25,99
1045551,4 502,3116.0,1386.0,91.30,-135.58,10 087.61,-8 883.36,0.10,2.47,1.14,0.27,99
1792075,560,433.0,127.0,55.05,-45.80,1 530.05,-1 390.43,0.03,0.55,1.10,0.25,0
1798091,1 048,566.0,482.0,3 946.72,-1 929.23,239 387.70,-188 760.78,0.11,2.62,1.27,48.31,98
1916295,274,154.0,120.0,17.55,-8.90,361.60,-300.86,0.11,0.76,1.20,0.22,"
17.55 USD
                    "
1847849,126,89.0,37.0,470.12,-531.97,3 792.95,-2 004.14,0.16,2.42,1.89,14.20,100
1864235,1 124,688.0,436.0,434.94,-119.42,6 709.20,-3 496.55,0.10,7.95,1.92,2.86,"
434.94 USD
                    "
1919502,78,56.0,22.0,13.19,-7.38,90.07,-55.26,0.17,2.54,1.63,0.45,"
13.19 USD
                    "
1895058,276,188.0,88.0,46.80,-62.26,792.28,-731.45,0.04,0.39,1.08,0.22,"
46.80 USD
                    "
1903628,173,149.0,24.0,99.33,-53.67,462.04,-189.59,0.17,5.08,2.44,1.57,"
99.33 USD
                    "
1789492,124,71.0,53.0,9 188.00,-6 959.00,129 872.00,-126 062.00,0.04,0.13,1.03,30.73,99
1805983,473,371.0,102.0,223.35,-185.46,3 841.48,-2 064.09,0.18,2.95,1.86,3.76,0
1874400,77,46.0,31.0,62.06,-67.99,782.09,-662.82,0.09,0.36,1.18,1.55,"
62.06 USD
                    "
1699275,55,21.0,34.0,57.75,-45.08,695.46,-609.41,0.08,0.44,1.14,1.56,0
1914166,121,85.0,36.0,163.79,-48.11,1 724.15,-434.39,0.30,17.94,3.97,10.66,"
163.79 USD
                    "
1467928,6 935,5042.0,1893.0,139.04,-132.97,8 249.28,-6 344.78,0.06,1.97,1.30,0.27,99
1851442,116,106.0,10.0,594.00,-200.00,2 865.00,-776.00,0.27,6.41,3.69,18.01,100
1538412,518,433.0,85.0,87.67,-28.21,877.45,-583.81,0.06,3.00,1.50,0.57,98
1904540,343,230.0,113.0,107.43,-233.09,3 966.99,-3 164.22,0.08,1.15,1.25,2.34,"
107.43 USD
                    "
1353057,237,199.0,38.0,86.71,-62.49,1 192.21,-419.56,0.28,6.87,2.84,3.26,100
1924099,191,131.0,60.0,25.87,-19.28,352.73,-190.85,0.17,3.79,1.85,0.85,"
25.87 EUR
                    "
1902415,174,106.0,68.0,1 563.83,-4 156.23,37 843.66,-35 104.03,0.06,0.36,1.08,15.75,"
1 563.83 EUR
                    "
1812928,5 067,3743.0,1324.0,47.55,-37.74,4 542.90,-4 379.07,0.08,0.44,1.04,0.03,98
1867317,216,189.0,27.0,58.73,-103.90,2 570.46,-930.95,0.33,5.12,2.76,7.59,"
58.73 USD
                    "
1817748,4 216,3010.0,1206.0,1 215.86,-748.57,70 492.70,-46 059.79,0.10,3.19,1.53,5.80,87
1883971,177,113.0,64.0,36.40,-9.54,373.36,-175.17,0.20,9.97,2.13,1.12,"
36.40 USD
                    "
